Date,Adj Close,SMA_20,SMA_50,Return,Strategy1,Strategy4
2/01/2012 0:00,50.17975,49.1840435,49.091435,0,0,0
3/01/2012 0:00,50.17975,49.205228,49.1761774,0,0,0
4/01/2012 0:00,50.17975,49.292997,49.2258122,0,0,0
5/01/2012 0:00,50.17975,49.341421,49.2560774,0,0,0
6/01/2012 0:00,50.78509,49.3807665,49.2802894,0.011991249,0.011991247,0.011991249
9/01/2012 0:00,51.0272,49.507881,49.3069234,0.004756016,0.00475621,0.004756016
10/01/2012 0:00,52.29835,49.5805165,49.31903,0.024605998,0.024605792,0.024605998
11/01/2012 0:00,52.17725,49.728815,49.3129766,-0.002318246,-0.002318248,-0.002318246
12/01/2012 0:00,52.41945,49.858953,49.3045012,0.00463113,0.004631327,0.00463113
13/01/2012 0:00,51.57199,50.095025,49.3383994,-0.01629901,-0.016299004,-0.01629901
16/01/2012 0:00,50.54297,50.252406,49.3456638,-0.02015483,-0.020155017,-0.02015483
17/01/2012 0:00,52.66157,50.4249165,49.3384012,0.041062102,0.04106228,0.041062102
18/01/2012 0:00,53.08525,50.697306,49.3722994,0.008013144,0.008013137,0.008013144
19/01/2012 0:00,53.08525,50.854687,49.4340408,0,0,0
20/01/2012 0:00,53.08525,51.027197,49.5381542,0,0,0
23/01/2012 0:00,53.08525,51.172472,49.603527,0,0,0
24/01/2012 0:00,53.08525,51.329853,49.6507412,0,0,0
25/01/2012 0:00,53.08525,51.4963125,49.7136936,0,0,0
26/01/2012 0:00,53.08525,51.6536935,49.7826976,0,0,0
27/01/2012 0:00,53.08525,51.7989685,49.8529128,0,0,0
30/01/2012 0:00,56.77758,51.9442435,49.9449194,0.067242418,0.067242378,0.067242418
31/01/2012 0:00,57.68559,52.274135,50.1337734,0.015865873,0.015865869,0.015865873
1/02/2012 0:00,57.62504,52.649427,50.348052,-0.001050207,-0.001050208,-0.001050207
2/02/2012 0:00,58.53296,53.0216915,50.5901738,0.015632819,0.015632808,0.015632819
3/02/2012 0:00,59.07775,53.439352,50.8407692,0.009264359,0.009264355,0.009264359
6/02/2012 0:00,56.89869,53.853985,51.1058918,-0.037582055,-0.037582209,-0.037582055
7/02/2012 0:00,58.89618,54.1475595,51.3008012,0.034503915,0.034504072,0.034503915
8/02/2012 0:00,61.43847,54.477451,51.5187112,0.042259953,0.042259933,0.042259953
9/02/2012 0:00,62.64906,54.940512,51.7826246,0.019512491,0.01951248,0.019512491
10/02/2012 0:00,61.74114,55.4519925,52.0332202,-0.014598194,-0.014598184,-0.014598194
13/02/2012 0:00,62.04372,55.96045,52.277764,0.004888814,0.004888806,0.004888814
14/02/2012 0:00,61.1358,56.5354875,52.5235172,-0.014741679,-0.014741668,-0.014741679
15/02/2012 0:00,62.64906,56.959199,52.7777458,0.024451058,0.024451046,0.024451058
16/02/2012 0:00,61.74114,57.4373895,53.0465016,-0.014598194,-0.014598184,-0.014598194
17/02/2012 0:00,61.43847,57.870184,53.2934676,-0.004914297,-0.004914296,-0.004914297
20/02/2012 0:00,60.34889,58.287845,53.557381,-0.017893632,-0.017893625,-0.017893632
21/02/2012 0:00,58.59351,58.651027,53.772869,-0.029518615,-0.0295186,-0.029518615
22/02/2012 0:00,59.07775,58.92644,53.9580916,0.008230433,0.008230429,0.008230433
23/02/2012 0:00,58.77508,59.226065,54.1481568,-0.005136417,-0.005136416,-0.005136417
24/02/2012 0:00,59.92521,59.5105565,54.3696982,0.019379329,0.019379323,0.019379329
27/02/2012 0:00,59.92521,59.8525545,54.599715,0,0,0
28/02/2012 0:00,59.92521,60.009936,54.856364,0,0,0
29/02/2012 0:00,62.04372,60.121917,55.1105926,0.034742013,0.034741991,0.034742013
1/03/2012 0:00,62.04372,60.342851,55.3527144,0,0,0
2/03/2012 0:00,62.04372,60.518389,55.6008878,0,0,0
5/03/2012 0:00,60.83313,60.6666875,55.8381672,-0.019704756,-0.019704745,-0.019704756
6/03/2012 0:00,60.40944,60.8634095,56.0560772,-0.006989158,-0.006989152,-0.006989158
7/03/2012 0:00,59.80411,60.9390725,56.2691448,-0.010070996,-0.010070993,-0.010070996
8/03/2012 0:00,61.1358,60.8573545,56.4664744,0.022023232,0.022023222,0.022023232
9/03/2012 0:00,61.43847,60.7816915,56.6855954,0.004938567,0.004938566,0.004938567
12/03/2012 0:00,60.83313,60.766558,56.9107698,-0.009901644,-0.009901642,-0.009901644
13/03/2012 0:00,62.04372,60.7060285,57.1238374,0.019704756,0.019704745,0.019704756
14/03/2012 0:00,62.64906,60.7514245,57.3611168,0.009709379,0.009709377,0.009709379
15/03/2012 0:00,62.95173,60.7514245,57.610503,0.004819565,0.004819564,0.004819565
16/03/2012 0:00,63.2544,60.811954,57.8659426,0.004796448,0.004796447,0.004796448
19/03/2012 0:00,62.95173,60.9027505,58.1153288,-0.004796448,-0.004796447,-0.004796448
20/03/2012 0:00,61.74114,61.0328925,58.3538194,-0.019417759,-0.019417748,-0.019417759
21/03/2012 0:00,62.04372,61.190274,58.5426752,0.004888814,0.004888806,0.004888814
22/03/2012 0:00,63.55699,61.3385725,58.7400046,0.024097686,0.024097675,0.024097686
23/03/2012 0:00,64.16232,61.577668,58.9627554,0.009479139,0.009479136,0.009479139
26/03/2012 0:00,64.16232,61.7895235,59.214562,0,0,0
27/03/2012 0:00,65.37292,62.001379,59.486949,0.018691983,0.018691974,0.018691983
28/03/2012 0:00,68.39944,62.2737645,59.741176,0.045256532,0.045256511,0.045256532
29/03/2012 0:00,70.21537,62.5915505,60.0474598,0.026202595,0.026202728,0.026202595
30/03/2012 0:00,69.30745,63.000133,60.3900622,-0.013014829,-0.013014964,-0.013014829
2/04/2012 0:00,67.18885,63.3633195,60.7145062,-0.031045093,-0.031045081,-0.031045093
3/04/2012 0:00,66.5835,63.6811055,60.9965782,-0.009050512,-0.00905036,-0.009050512
4/04/2012 0:00,66.5835,63.9898085,61.2665432,0,0,0
5/04/2012 0:00,67.18885,64.328778,61.5365082,0.009050512,0.00905036,0.009050512
6/04/2012 0:00,67.18885,64.6314305,61.8185802,0,0,0
9/04/2012 0:00,66.28092,64.9189495,62.1006522,-0.013605238,-0.013605078,-0.013605238
10/04/2012 0:00,66.5835,65.191339,62.290719,0.004554726,0.004554718,0.004554726
11/04/2012 0:00,68.7021,65.418328,62.4686772,0.031322967,0.031322951,0.031322967
12/04/2012 0:00,69.00478,65.72098,62.6902184,0.004396011,0.004395865,0.004396011
13/04/2012 0:00,69.30745,66.0236325,62.8996548,0.004376626,0.004376626,0.004376626
16/04/2012 0:00,69.30745,66.326285,63.1042488,0,0,0
17/04/2012 0:00,66.5835,66.644071,63.352424,-0.040095605,-0.040095442,-0.040095605
18/04/2012 0:00,65.37292,66.886189,63.5061704,-0.018348694,-0.018348834,-0.018348694
19/04/2012 0:00,63.85965,67.052649,63.5848594,-0.023420399,-0.023420389,-0.023420399
20/04/2012 0:00,62.34639,67.067782,63.6090712,-0.023981935,-0.023981923,-0.023981935
23/04/2012 0:00,60.47,66.9769855,63.6211762,-0.030558397,-0.030558378,-0.030558397
24/04/2012 0:00,62.64906,66.7923695,63.5897018,0.035401303,0.035401283,0.035401303
25/04/2012 0:00,64.16232,66.6561765,63.619967,0.023867445,0.023867434,0.023867445
26/04/2012 0:00,62.95173,66.4443205,63.6502322,-0.01904788,-0.01904787,-0.01904788
27/04/2012 0:00,60.10678,66.0811385,63.674444,-0.046245595,-0.046245574,-0.046245595
30/04/2012 0:00,55.93021,65.621105,63.6478102,-0.072017984,-0.072017943,-0.072017984
1/05/2012 0:00,55.93021,65.058173,63.5594366,0,0,0
2/05/2012 0:00,54.2353,64.5255085,63.5061706,-0.030772676,-0.030772849,-0.030772676
3/05/2012 0:00,54.47742,63.9080985,63.4093216,0.004454316,0.004454314,0.004454316
4/05/2012 0:00,54.47742,63.272527,63.3233684,0,0,0
7/05/2012 0:00,53.56949,62.6369555,63.2144126,-0.016806614,0,0.016806614
8/05/2012 0:00,53.56949,62.001384,63.0872982,0,0,0
9/05/2012 0:00,52.84314,61.3506835,62.9601838,-0.013651787,0,0.013651787
10/05/2012 0:00,53.08525,60.5577355,62.7761722,0.004571209,0,-0.004571209
11/05/2012 0:00,52.29835,59.761759,62.5970028,-0.01493429,0,0.01493429
14/05/2012 0:00,52.60102,58.911304,62.4020954,0.005770689,0,-0.005770689
15/05/2012 0:00,51.69301,58.0759825,62.2374532,-0.017412942,0,0.017412942
16/05/2012 0:00,50.11928,57.331458,62.0631246,-0.030916805,0,0.030916805
17/05/2012 0:00,51.87466,56.568776,61.869428,0.03442466,0,-0.03442466
18/05/2012 0:00,50.3614,55.9695265,61.6842052,-0.029605416,0,0.029605416
21/05/2012 0:00,50.3614,55.370277,61.4626638,0,0,0
22/05/2012 0:00,52.78259,54.864847,61.2532292,0.046956393,0,-0.046956393
23/05/2012 0:00,52.66157,54.3715235,61.0680066,-0.002295434,0,0.002295434
24/05/2012 0:00,51.63254,53.796486,60.8682568,-0.019733874,0,0.019733874
25/05/2012 0:00,50.9061,53.2305265,60.641873,-0.014169335,0,0.014169335
28/05/2012 0:00,51.69301,52.7704925,60.394907,0.01533981,0,-0.01533981
29/05/2012 0:00,54.17483,52.5586325,60.1697326,0.04689384,0,-0.04689384
30/05/2012 0:00,53.81161,52.4708635,60.0184064,-0.006727166,0,0.006727166
31/05/2012 0:00,52.96415,52.449679,59.8537642,-0.015873974,0,0.015873974
1/06/2012 0:00,51.63254,52.3740155,59.6419074,-0.025463176,0,0.025463176
4/06/2012 0:00,49.63505,52.2317715,59.3913118,-0.039454856,0,0.039454856
5/06/2012 0:00,49.75606,52.0350495,59.1007664,0.002435028,0,-0.002435028
6/06/2012 0:00,50.11928,51.844378,58.7884292,0.007273499,0,-0.007273499
7/06/2012 0:00,50.78509,51.708185,58.422826,0.013197043,0,-0.013197043
8/06/2012 0:00,49.45339,51.593177,58.0342204,-0.026572198,0,0.026572198
11/06/2012 0:00,50.72454,51.450929,57.6371392,0.025379207,0,-0.025379207
12/06/2012 0:00,49.93763,51.357105,57.307853,-0.01563499,0,0.01563499
13/06/2012 0:00,49.63505,51.269336,56.9749356,-0.006077589,0,0.006077589
14/06/2012 0:00,49.69551,51.2451245,56.6359666,0.00121735,0,-0.00121735
15/06/2012 0:00,51.14831,51.136167,56.2860998,0.028814865,0,-0.028814865
18/06/2012 0:00,52.3589,51.1755125,55.965289,0.023392481,0,-0.023392481
19/06/2012 0:00,52.2378,51.2753875,55.6868486,-0.002315562,0,0.002315562
20/06/2012 0:00,52.66157,51.248148,55.3999346,0.008079597,0,-0.008079597
21/06/2012 0:00,52.11678,51.248148,55.079124,-0.010398998,0,0.010398998
22/06/2012 0:00,52.41945,51.27236,54.741364,0.005790736,0,-0.005790736
25/06/2012 0:00,52.3589,51.3480275,54.403604,-0.001155773,0,0.001155773
26/06/2012 0:00,52.05623,51.381322,54.064633,-0.005797452,0,0.005797452
27/06/2012 0:00,52.3589,51.275392,53.7740876,0.005797452,0,-0.005797452
28/06/2012 0:00,53.20627,51.2027565,53.5138072,0.016054314,0,-0.016054314
29/06/2012 0:00,54.11428,51.2148625,53.3007396,0.01692186,0,-0.01692186
2/07/2012 0:00,53.87216,51.3389495,53.1360974,-0.004484274,0,0.004484274
3/07/2012 0:00,54.78008,51.550805,53.0041406,0.016712792,0,-0.016712792
4/07/2012 0:00,55.68809,51.802006,52.846761,0.016439676,0,-0.016439676
5/07/2012 0:00,55.32487,52.0804465,52.6772764,-0.006543764,0,0.006543764
6/07/2012 0:00,55.32487,52.3074355,52.5247392,0,0,0
9/07/2012 0:00,55.62754,52.6010095,52.429101,0.005455866,0.005455865,0.005455866
10/07/2012 0:00,54.53796,52.8461595,52.4230476,-0.019781429,-0.019781421,-0.019781429
11/07/2012 0:00,54.41695,53.076176,52.3952026,-0.002221287,-0.002221281,-0.002221287
12/07/2012 0:00,52.72203,53.315271,52.3988356,-0.031642291,-0.03164228,-0.031642291
13/07/2012 0:00,52.66157,53.466597,52.3637278,-0.001147427,-0.00114742,-0.001147427
16/07/2012 0:00,52.96415,53.54226,52.3274108,0.005729302,0.005729292,0.005729302
17/07/2012 0:00,53.56949,53.5725225,52.315304,0.01136442,0.011364417,0.01136442
18/07/2012 0:00,52.66157,53.639107,52.315304,-0.017093722,-0.017093709,-0.017093722
19/07/2012 0:00,53.44839,53.639107,52.3116726,0.014830548,0.014830533,0.014830548
20/07/2012 0:00,54.2353,53.7056875,52.3189354,0.014615473,0.01461528,0.014615473
23/07/2012 0:00,52.41945,53.79648,52.3576744,-0.034054282,-0.034054072,-0.034054282
24/07/2012 0:00,51.81411,53.7995075,52.354043,-0.0116152,-0.011615196,-0.0116152
25/07/2012 0:00,49.57449,53.7874015,52.356465,-0.044186119,-0.044186092,-0.044186119
26/07/2012 0:00,48.72704,53.648181,52.3455692,-0.017242275,-0.017242473,-0.017242275
27/07/2012 0:00,50.54297,53.4242195,52.2826168,0.036589753,0.03658974,0.036589753
30/07/2012 0:00,50.11928,53.245654,52.2862482,-0.008418101,-0.008417895,-0.008418101
31/07/2012 0:00,51.20877,53.05801,52.2814058,0.021505042,0.021505024,0.021505042
1/08/2012 0:00,51.32988,52.8794445,52.2499294,0.002362232,0.00236204,0.002362232
2/08/2012 0:00,51.32988,52.661534,52.2232956,0,0,0
3/08/2012 0:00,49.39284,52.4617845,52.2172424,-0.038467564,-0.038467352,-0.038467564
6/08/2012 0:00,52.84314,52.165183,52.1869772,0.067522428,0,-0.067522428
7/08/2012 0:00,52.84314,52.025963,52.2099798,0,0,0
8/08/2012 0:00,52.84314,51.941222,52.183346,0,0,0
9/08/2012 0:00,55.08275,51.8625315,52.1639766,0.041508697,0,-0.041508697
10/08/2012 0:00,57.27104,51.9805675,52.2063486,0.038958486,0,-0.038958486
13/08/2012 0:00,57.61031,52.211041,52.3191186,0.005906459,0,-0.005906459
14/08/2012 0:00,57.67816,52.443349,52.4786238,0.001177048,0,-0.001177048
15/08/2012 0:00,57.3389,52.6487825,52.6370658,-0.005899316,-0.005899407,-0.005899316
16/08/2012 0:00,57.06748,52.882649,52.7814582,-0.004744849,-0.004744853,-0.004744849
17/08/2012 0:00,57.3389,53.0636035,52.907106,0.004744849,0.004744853,0.004744849
20/08/2012 0:00,57.54245,53.2187835,53.0648162,0.00354366,0.003543749,0.00354366
21/08/2012 0:00,58.28884,53.4749335,53.2011744,0.012887715,0.012887637,0.012887715
22/08/2012 0:00,58.42455,53.79867,53.3681986,0.002325527,0.002325529,0.002325527
23/08/2012 0:00,59.10317,54.241173,53.5439886,0.011548383,0.011548398,0.011548383
24/08/2012 0:00,58.96747,54.7599795,53.7321418,-0.002298625,-0.002298626,-0.002298625
27/08/2012 0:00,59.37459,55.1812045,53.888525,0.006880421,0.006880426,0.006880421
28/08/2012 0:00,57.13533,55.64397,54.0288388,-0.038443693,-0.03844364,-0.038443693
29/08/2012 0:00,56.99963,55.940298,54.1267894,-0.002377888,-0.002378065,-0.002377888
30/08/2012 0:00,58.01743,56.2237855,54.2135506,0.017698706,0.017698807,0.017698706
31/08/2012 0:00,57.54245,56.558163,54.3315636,-0.008220546,-0.008220466,-0.008220546
3/09/2012 0:00,61.07101,56.9656435,54.4340236,0.059514349,0.059514236,0.059514349
4/09/2012 0:00,61.00316,57.377037,54.6082658,-0.001111619,-0.001111538,-0.001111619
5/09/2012 0:00,60.25668,57.785038,54.7872044,-0.012312229,-0.012312328,-0.012312229
6/09/2012 0:00,59.98527,58.155715,54.94516,-0.004514406,-0.004514409,-0.004514406
7/09/2012 0:00,60.39239,58.400841,55.08074,0.006764072,0.006764077,0.006764072
10/09/2012 0:00,60.25668,58.5569085,55.2063022,-0.002249666,-0.002249668,-0.002249666
11/09/2012 0:00,61.34242,58.689227,55.3339926,0.017858173,0.017858357,0.017858173
12/09/2012 0:00,63.10671,58.87244,55.4652394,0.028355493,0.028355199,0.028355493
13/09/2012 0:00,63.10671,59.1608305,55.6136118,0,0,0
14/09/2012 0:00,65.82093,59.462792,55.7692486,0.04211077,0.042110812,0.04211077
17/09/2012 0:00,66.16029,59.8868935,55.9791698,0.005142561,0.005142648,0.005142561
18/09/2012 0:00,65.21025,60.3177855,56.1898248,-0.014463769,-0.014463787,-0.014463769
19/09/2012 0:00,65.75308,60.663856,56.4032706,0.008289849,0.008289855,0.008289849
20/09/2012 0:00,65.1424,61.0302825,56.6299932,-0.009330871,-0.009330955,-0.009330871
21/09/2012 0:00,65.68522,61.332244,56.8784006,0.008298295,0.008298455,0.008298295
24/09/2012 0:00,65.00669,61.6681315,57.1388736,-0.010383751,-0.010383912,-0.010383751
25/09/2012 0:00,63.44597,61.9497365,57.3797244,-0.02430151,-0.024301459,-0.02430151
26/09/2012 0:00,61.20672,62.2652685,57.577254,-0.03593169,-0.035931644,-0.03593169
27/09/2012 0:00,61.20672,62.475623,57.748157,0,0,0
28/09/2012 0:00,62.42817,62.6350875,57.9033236,0.019759628,0.01975965,0.019759628
1/10/2012 0:00,61.95311,62.8793735,58.067181,-0.007638807,-0.007638901,-0.007638807
2/10/2012 0:00,62.22452,62.9234785,58.2578542,0.004371326,0.004371329,0.004371326
3/10/2012 0:00,62.02096,62.9845465,58.4660624,-0.003276742,-0.003276664,-0.003276742
4/10/2012 0:00,61.8174,63.0727605,58.7149918,-0.003287514,-0.003287598,-0.003287514
5/10/2012 0:00,61.34242,63.164367,58.976799,-0.007713268,-0.007713029,-0.007713268
8/10/2012 0:00,60.18883,63.2118685,59.192788,-0.018984823,-0.018985091,-0.018984823
9/10/2012 0:00,60.59604,63.208476,59.394179,0.006742757,0.006742936,0.006742757
10/10/2012 0:00,60.59604,63.171157,59.5819244,0,0,0
11/10/2012 0:00,58.3567,63.0456235,59.7672476,-0.037655368,-0.037655495,-0.037655368
12/10/2012 0:00,58.89961,62.808123,59.907784,0.009260293,0.009260478,0.009260293
15/10/2012 0:00,59.37459,62.462057,60.0979194,0.008031888,0.008031809,0.008031888
16/10/2012 0:00,59.44244,62.122772,60.2285484,0.001142092,0.001142008,0.001142092
17/10/2012 0:00,59.30673,61.8343815,60.3605344,-0.002285659,-0.002285492,-0.002285659
18/10/2012 0:00,59.37459,61.512064,60.4898062,0.001143567,0.001143483,0.001143567
19/10/2012 0:00,58.22099,61.2236735,60.575643,-0.019620414,-0.019620522,-0.019620414
22/10/2012 0:00,57.74602,60.850462,60.594642,-0.008191513,-0.008191433,-0.008191513
23/10/2012 0:00,57.4746,60.4874285,60.5973562,-0.004711318,0,0.004711318
24/10/2012 0:00,57.67816,60.18886,60.593285,0.003535481,0,-0.003535481
25/10/2012 0:00,57.81387,60.012432,60.6000702,0.00235012,0,-0.00235012
26/10/2012 0:00,57.20319,59.8427895,60.614998,-0.010619046,0,0.010619046
29/10/2012 0:00,56.99963,59.5815405,60.6122838,-0.003564889,0,0.003564889
30/10/2012 0:00,59.71385,59.3338665,60.6014274,0.04651921,0,-0.04651921
31/10/2012 0:00,60.18883,59.208333,60.6299276,0.0079228,0,-0.0079228
1/11/2012 0:00,60.93531,59.1167265,60.6652132,0.012326023,0,-0.012326023
2/11/2012 0:00,60.12097,59.072622,60.701856,-0.01345411,0,0.01345411
5/11/2012 0:00,59.37459,59.0115495,60.724926,-0.012492342,0,0.012492342
6/11/2012 0:00,60.93531,58.9708375,60.724926,0.025946453,0,-0.025946453
7/11/2012 0:00,61.27457,58.987801,60.8009256,0.005552102,0,-0.005552102
8/11/2012 0:00,61.68169,59.0217275,60.8864244,0.006622217,0,-0.006622217
9/11/2012 0:00,62.02096,59.187977,60.9597096,0.005485264,0,-0.005485264
12/11/2012 0:00,61.07101,59.3440445,61.0492798,-0.015435107,0,0.015435107
13/11/2012 0:00,59.5103,59.4288655,61.0492798,-0.025887879,0,0.025887879
14/11/2012 0:00,60.93531,59.4322585,61.0194226,0.023663403,0,-0.023663403
15/11/2012 0:00,61.13886,59.5136875,61.0329952,0.003334861,0,-0.003334861
16/11/2012 0:00,60.86745,59.601901,61.056067,-0.004449121,0,0.004449121
19/11/2012 0:00,60.5281,59.734224,61.0655682,-0.005590829,0,0.005590829
20/11/2012 0:00,61.00316,59.873328,61.0709966,0.007817946,0,-0.007817946
21/11/2012 0:00,60.46024,60.049756,61.0642114,-0.008939707,0,0.008939707
22/11/2012 0:00,60.39239,60.18886,61.011282,-0.001122855,0,0.001122855
23/11/2012 0:00,62.42817,60.317786,60.9569956,0.033153512,0,-0.033153512
26/11/2012 0:00,62.971,60.579035,60.8891404,0.008657687,0,-0.008657687
27/11/2012 0:00,62.971,60.8776035,60.8253546,0,0,0
28/11/2012 0:00,63.31026,61.040461,60.7805696,0.005373098,0.005373181,0.005373098
29/11/2012 0:00,63.10671,61.1965325,60.7317132,-0.003220298,-0.003220538,-0.003220298
30/11/2012 0:00,63.24241,61.3051025,60.6909994,0.002148017,0.002148178,0.002148017
3/12/2012 0:00,64.2603,61.4611745,60.6421432,0.015966902,0.015966842,0.015966902
4/12/2012 0:00,64.66742,61.70546,60.6272154,0.006315498,0.006315502,0.006315498
5/12/2012 0:00,64.46386,61.8920655,60.6516444,-0.003152763,-0.003152688,-0.003152763
6/12/2012 0:00,64.12451,62.05153,60.7167872,-0.005278095,-0.005278183,-0.005278095
7/12/2012 0:00,64.80312,62.173671,60.775143,0.010527088,0.010527257,0.010527088
10/12/2012 0:00,65.21025,62.312779,60.822642,0.006262915,0.006262765,0.006262915
11/12/2012 0:00,64.46386,62.519741,60.8877848,-0.011511908,-0.01151184,-0.011511908
12/12/2012 0:00,64.87098,62.767419,60.9325716,0.006295618,0.006295622,0.006295618
13/12/2012 0:00,65.1424,62.9642025,60.989572,0.004175269,0.004175118,0.004175269
14/12/2012 0:00,62.08882,63.1643795,61.056072,-0.048009702,-0.048009677,-0.048009702
17/12/2012 0:00,59.17102,63.225448,61.071,-0.048134046,-0.04813384,-0.048134046
18/12/2012 0:00,59.98527,63.157594,61.0506438,0.013667137,0.013666979,0.013667137
19/12/2012 0:00,60.12097,63.1066995,61.0384284,0.002259667,0.002259668,0.002259667
20/12/2012 0:00,59.78171,63.089736,61.028927,-0.005658938,-0.005659026,-0.005658938
21/12/2012 0:00,59.03532,63.059202,61.0574272,-0.012563852,-0.012563608,-0.012563852
24/12/2012 0:00,59.57814,62.8895595,61.0601414,0.009152819,0.009152824,0.009152819
25/12/2012 0:00,60.25668,62.7199165,61.0642124,0.011324709,0.01132455,0.011324709
26/12/2012 0:00,60.05312,62.5842005,61.0804972,-0.003383934,-0.003383853,-0.003383934
27/12/2012 0:00,60.39239,62.4213435,61.095425,0.0056336,0.005633521,0.0056336
28/12/2012 0:00,60.32454,62.2856275,61.115781,-0.001124118,-0.001124201,-0.001124118
31/12/2012 0:00,60.32454,62.139734,61.157852,0,0,0
1/01/2013 0:00,60.32454,61.942946,61.2094224,0,0,0
2/01/2013 0:00,60.18883,61.725802,61.2664212,-0.002252199,-0.002252201,-0.002252199
3/01/2013 0:00,60.46024,61.5120505,61.3166346,0.004499172,0.004499342,0.004499172
4/01/2013 0:00,59.71385,61.328837,61.369562,-0.012421972,0,0.012421972
7/01/2013 0:00,58.89961,61.0743735,61.4197752,-0.013729518,0,0.013729518
8/01/2013 0:00,59.03532,60.7588415,61.4577748,0.00230144,0,-0.00230144
9/01/2013 0:00,59.57814,60.4874145,61.4442042,0.009152819,0,-0.009152819
10/01/2013 0:00,60.12097,60.2227725,61.4319904,0.009069971,0,-0.009069971
11/01/2013 0:00,60.12097,59.971701,61.4157036,0,0,0
14/01/2013 0:00,59.17102,59.8733085,61.4157036,-0.015926804,0,0.015926804
15/01/2013 0:00,57.13533,59.8733085,61.4116322,-0.035009231,0,0.035009231
16/01/2013 0:00,56.99963,59.7308115,61.3356326,-0.002377888,0,0.002377888
17/01/2013 0:00,56.93178,59.5747445,61.2501338,-0.001191068,0,0.001191068
18/01/2013 0:00,57.94958,59.432248,61.1551356,0.017719613,0,-0.017719613
21/01/2013 0:00,57.40675,59.377961,61.073708,-0.00941143,0,0.00941143
22/01/2013 0:00,57.94958,59.2693915,61.0004228,0.00941143,0,-0.00941143
23/01/2013 0:00,57.67816,59.1540365,60.9692084,-0.00469473,0,0.00469473
24/01/2013 0:00,55.98174,59.0352885,60.9040654,-0.029853026,0,0.029853026
25/01/2013 0:00,56.59242,58.814756,60.800923,0.010849488,0,-0.010849488
28/01/2013 0:00,56.72813,58.62815,60.7154224,0.002395154,0,-0.002395154
29/01/2013 0:00,57.61031,58.4483295,60.639423,0.015431337,0,-0.015431337
30/01/2013 0:00,57.61031,58.312618,60.571566,0,0,0
31/01/2013 0:00,57.27104,58.183692,60.5145674,-0.005906459,0,0.005906459
1/02/2013 0:00,57.40675,58.024232,60.4521404,0.002366806,0,-0.002366806
4/02/2013 0:00,56.99963,57.908877,60.351712,-0.007117116,0,0.007117116
5/02/2013 0:00,56.38886,57.813878,60.2322846,-0.010773155,0,0.010773155
6/02/2013 0:00,56.72813,57.681555,60.1006418,0.005998586,0,-0.005998586
7/02/2013 0:00,56.72813,57.5390545,59.9689992,0,0,0
8/02/2013 0:00,56.72813,57.3694125,59.8414276,0,0,0
11/02/2013 0:00,56.72813,57.1997705,59.711142,0,0,0
12/02/2013 0:00,56.72813,57.077626,59.5604986,0,0,0
13/02/2013 0:00,56.72813,57.057266,59.4017128,0,0,0
14/02/2013 0:00,56.72813,57.043691,59.2469982,0,0,0
15/02/2013 0:00,56.72813,57.0335085,59.0990706,0,0,0
18/02/2013 0:00,56.1853,56.972436,58.9375708,-0.009615051,0,0.009615051
19/02/2013 0:00,57.06748,56.9113635,58.7570718,0.01557927,0,-0.01557927
20/02/2013 0:00,57.54245,56.8672585,58.6091442,0.008288509,0,-0.008288509
21/02/2013 0:00,56.45671,56.860473,58.4625736,-0.019048787,0,0.019048787
22/02/2013 0:00,56.45671,56.8842215,58.2888598,0,0,0
25/02/2013 0:00,56.1853,56.877436,58.1762176,-0.004818993,0,0.004818993
26/02/2013 0:00,55.43891,56.8502945,58.1165032,-0.013373463,0,0.013373463
27/02/2013 0:00,55.43891,56.7417245,58.025576,0,0,0
28/02/2013 0:00,55.43891,56.6331545,57.9319348,0,0,0
1/03/2013 0:00,55.37106,56.541548,57.8450788,-0.001224619,0,0.001224619
4/03/2013 0:00,54.62458,56.4397635,57.7717936,-0.01357311,0,0.01357311
5/03/2013 0:00,54.28531,56.321011,57.6727224,-0.006230308,0,0.006230308
6/03/2013 0:00,54.62458,56.2158335,57.553295,0.006230308,0,-0.006230308
7/03/2013 0:00,54.55673,56.110656,57.4447242,-0.001242887,0,0.001242887
8/03/2013 0:00,54.62458,56.002086,57.328011,0.001242887,0,-0.001242887
11/03/2013 0:00,54.62458,55.8969085,57.2140118,0,0,0
12/03/2013 0:00,54.62458,55.791731,57.1000126,0,0,0
13/03/2013 0:00,54.28531,55.6865535,56.9860134,-0.006230308,0,0.006230308
14/03/2013 0:00,54.62458,55.5644125,56.867943,0.006230308,0,-0.006230308
15/03/2013 0:00,54.76029,55.459235,56.7512298,0.002481332,0,-0.002481332
18/03/2013 0:00,55.3032,55.360843,56.6521586,0.009865477,0,-0.009865477
19/03/2013 0:00,56.45671,55.316738,56.5802304,0.020643377,0,-0.020643377
20/03/2013 0:00,55.71033,55.2861995,56.5286582,-0.013308562,0,0.013308562
21/03/2013 0:00,55.71033,55.1945935,56.451302,0,0,0
22/03/2013 0:00,56.25315,55.1572745,56.3630892,0.009696452,0,-0.009696452
25/03/2013 0:00,55.91388,55.1470965,56.2857328,-0.00604939,0,0.00604939
26/03/2013 0:00,56.66036,55.1335255,56.22059,0.013262198,0,-0.013262198
27/03/2013 0:00,56.66036,55.194598,56.2110906,0,0,0
28/03/2013 0:00,56.11744,55.2556705,56.2043052,-0.00962821,0,0.00962821
29/03/2013 0:00,56.52456,55.289597,56.1880184,0.007228596,0,-0.007228596
1/04/2013 0:00,56.1853,55.347272,56.159518,-0.006020077,0,0.006020077
2/04/2013 0:00,56.38886,55.425308,56.135089,0.003616464,0,-0.003616464
3/04/2013 0:00,56.38886,55.5304855,56.1038746,0,0,0
4/04/2013 0:00,56.38886,55.6186995,56.0780886,0,0,0
5/04/2013 0:00,56.38886,55.710306,56.086231,0,0,0
8/04/2013 0:00,54.82814,55.79852,56.0821598,-0.028068055,0,0.028068055
9/04/2013 0:00,54.62458,55.808698,56.04416,-0.003719601,0,0.003719601
10/04/2013 0:00,54.69244,55.808698,55.9844454,0.001241527,0,-0.001241527
11/04/2013 0:00,54.62458,55.8290545,55.926088,-0.001241527,0,0.001241527
12/04/2013 0:00,53.33537,55.8290545,55.8731588,-0.023884251,0,0.023884251
15/04/2013 0:00,52.31748,55.7578085,55.7917312,-0.019269172,0,0.019269172
16/04/2013 0:00,52.24962,55.6085225,55.6980882,-0.001297923,0,0.001297923
17/04/2013 0:00,52.7246,55.398168,55.6153034,0.009049522,0,-0.009049522
18/04/2013 0:00,52.04606,55.2488815,55.5352328,-0.012953044,0,0.012953044
19/04/2013 0:00,52.65674,55.065668,55.4415914,0.01166515,0,-0.01166515
22/04/2013 0:00,52.18177,54.8858475,55.3601636,-0.009061045,0,0.009061045
23/04/2013 0:00,51.70679,54.699242,55.2692364,-0.009144093,0,0.009144093
24/04/2013 0:00,52.99601,54.4515635,55.1688096,0.02462752,0,-0.02462752
25/04/2013 0:00,52.52104,54.268346,55.0941672,-0.009002776,0,0.009002776
26/04/2013 0:00,51.70679,54.088526,55.0100254,-0.015624744,0,0.015624744
29/04/2013 0:00,51.23182,53.8476375,54.9095986,-0.009228284,0,0.009228284
30/04/2013 0:00,51.70679,53.5999635,54.810529,0.009228284,0,-0.009228284
1/05/2013 0:00,51.70679,53.36586,54.7033152,0,0,0
2/05/2013 0:00,51.8425,53.1317565,54.586602,0.002621169,0,-0.002621169
3/05/2013 0:00,52.58889,52.9044385,54.4943178,0.014294605,0,-0.014294605
6/05/2013 0:00,52.8603,52.71444,54.4169614,0.005147704,0,-0.005147704
7/05/2013 0:00,52.58889,52.616048,54.3504614,-0.005147704,0,0.005147704
8/05/2013 0:00,54.14961,52.5142635,54.293461,0.029245891,0,-0.029245891
9/05/2013 0:00,55.37106,52.487122,54.267675,0.022306303,0,-0.022306303
10/05/2013 0:00,54.62458,52.524446,54.266318,-0.01357311,0,0.01357311
13/05/2013 0:00,54.0139,52.5889065,54.2513884,-0.011242544,0,0.011242544
14/05/2013 0:00,53.74249,52.6737275,54.2391748,-0.005037485,0,0.005037485
15/05/2013 0:00,53.06395,52.748371,54.2283184,-0.012706146,0,0.012706146
16/05/2013 0:00,53.40322,52.7653385,54.1971058,0.006373254,0,-0.006373254
17/05/2013 0:00,52.65674,52.8331965,54.1740356,-0.014076798,0,0.014076798
20/05/2013 0:00,52.31748,52.8331965,54.1346788,-0.006463705,0,0.006463705
21/05/2013 0:00,52.45318,52.839982,54.0885368,0.002590421,0,-0.002590421
22/05/2013 0:00,53.13181,52.8773015,54.0451088,0.012854845,0,-0.012854845
23/05/2013 0:00,52.31748,52.8840915,54.0220388,-0.015445266,0,0.015445266
24/05/2013 0:00,52.18177,52.8739135,53.9758968,-0.002597341,0,0.002597341
27/05/2013 0:00,52.45318,52.8976625,53.9243264,0.005187762,0,-0.005187762
28/05/2013 0:00,52.24962,52.9587305,53.867326,-0.003888344,0,0.003888344
29/05/2013 0:00,53.13181,52.985872,53.7831842,0.016743189,0,-0.016743189
30/05/2013 0:00,52.38533,53.057123,53.7316138,-0.014149217,0,0.014149217
31/05/2013 0:00,52.04606,53.0842645,53.6651138,-0.006497495,0,0.006497495
3/06/2013 0:00,51.91035,53.057123,53.580972,-0.002610903,0,0.002610903
4/06/2013 0:00,51.70679,53.0096255,53.5009014,-0.003929085,0,0.003929085
5/06/2013 0:00,51.43538,52.9655205,53.40183,-0.005262845,0,0.005262845
6/06/2013 0:00,50.89246,52.829809,53.2973304,-0.010611484,0,0.010611484
7/06/2013 0:00,51.02817,52.605879,53.1928308,0.002663054,0,-0.002663054
10/06/2013 0:00,51.70679,52.4260585,53.082903,0.013211274,0,-0.013211274
11/06/2013 0:00,50.89246,52.310703,52.9933328,-0.015874329,0,0.015874329
12/06/2013 0:00,50.89246,52.1682015,52.8834048,0,0,0
13/06/2013 0:00,49.80681,52.059627,52.7734768,-0.021563057,0,0.021563057
14/06/2013 0:00,49.26398,51.8798065,52.6418358,-0.010958536,0,0.010958536
17/06/2013 0:00,48.24609,51.7101685,52.4993382,-0.020878397,0,0.020878397
18/06/2013 0:00,48.51751,51.506599,52.3676972,0.005609975,0,-0.005609975
19/06/2013 0:00,48.85677,51.3098155,52.2455558,0.006968193,0,-0.006968193
20/06/2013 0:00,47.97468,51.0960635,52.1288424,-0.018219585,0,0.018219585
21/06/2013 0:00,47.49962,50.8789235,51.9958444,-0.009951661,0,0.009951661
24/06/2013 0:00,47.70327,50.644816,51.8791294,0.004278238,0,-0.004278238
25/06/2013 0:00,47.63541,50.4073205,51.7868452,-0.001423557,0,0.001423557
26/06/2013 0:00,49.5354,50.17661,51.694561,0.039111173,0,-0.039111173
27/06/2013 0:00,49.5354,49.9967895,51.630777,0,0,0
28/06/2013 0:00,50.21393,49.854293,51.5805638,0.013604913,0,-0.013604913
1/07/2013 0:00,50.28179,49.7626865,51.5317076,0.001350505,0,-0.001350505
2/07/2013 0:00,49.73896,49.6812585,51.493708,-0.010854454,0,0.010854454
3/07/2013 0:00,49.6711,49.582867,51.4543514,-0.001365254,0,0.001365254
4/07/2013 0:00,49.26398,49.494653,51.3878532,-0.00823009,0,0.00823009
5/07/2013 0:00,50.62105,49.413229,51.322712,0.027174312,0,-0.027174312
8/07/2013 0:00,49.80681,49.392873,51.3009972,-0.016215776,0,0.016215776
9/07/2013 0:00,50.5532,49.297874,51.272497,0.014874525,0,-0.014874525
10/07/2013 0:00,51.50323,49.280911,51.2494252,0.018618277,0,-0.018618277
11/07/2013 0:00,52.92816,49.3114495,51.245354,0.027290998,0,-0.027290998
12/07/2013 0:00,52.92816,49.467517,51.2670672,0,0,0
15/07/2013 0:00,53.26751,49.650726,51.2738526,0.006391054,0,-0.006391054
16/07/2013 0:00,53.19966,49.901797,51.2819968,-0.001274571,0,0.001274571
17/07/2013 0:00,52.52104,50.1359045,51.2942122,-0.012838154,0,0.012838154
18/07/2013 0:00,52.92816,50.319118,51.2616408,0.007721671,0,-0.007721671
19/07/2013 0:00,52.52104,50.566792,51.2127828,-0.007721671,0,0.007721671
22/07/2013 0:00,52.65674,50.817863,51.170712,0.002580394,0,-0.002580394
23/07/2013 0:00,52.8603,51.0655365,51.1435688,0.003858339,0,-0.003858339
24/07/2013 0:00,53.60678,51.326781,51.125925,0.014022968,0.014022891,0.014022968
25/07/2013 0:00,53.74249,51.53035,51.1367816,0.002528384,0.002528199,0.002528384
26/07/2013 0:00,53.53893,51.7407045,51.143567,-0.003794883,-0.003794793,-0.003794883
29/07/2013 0:00,53.33537,51.9069545,51.1612108,-0.003809339,-0.003809437,-0.003809339
30/07/2013 0:00,53.40322,52.0596335,51.1815686,0.00127133,0.001271425,0.00127133
31/07/2013 0:00,52.79245,52.2428465,51.2005694,-0.011502856,-0.011502778,-0.011502856
1/08/2013 0:00,51.97821,52.398914,51.1937822,-0.015543596,-0.015543607,-0.015543596
2/08/2013 0:00,52.18177,52.5346255,51.1869968,0.003908608,0.003908514,0.003908608
5/08/2013 0:00,53.60678,52.6126615,51.1869968,0.026942352,0.026942476,0.026942352
6/08/2013 0:00,52.99601,52.80266,51.2100688,-0.011458925,-0.011459036,-0.011458925
7/08/2013 0:00,52.31748,52.9248005,51.2249966,-0.012886087,-0.012886097,-0.012886087
8/08/2013 0:00,52.24962,52.965513,51.20871,-0.001297923,-0.001297828,-0.001297923
9/08/2013 0:00,51.77465,52.931586,51.2059958,-0.009131971,-0.009132074,-0.009131971
12/08/2013 0:00,52.58889,52.8739105,51.2005676,0.015604233,0.015604437,0.015604233
13/08/2013 0:00,53.67463,52.8399795,51.2141384,0.02043557,0.02043559,0.02043557
14/08/2013 0:00,53.67463,52.863728,51.2534952,0,0,0
15/08/2013 0:00,53.26751,52.9214075,51.2982802,-0.007613874,-0.007614067,-0.007613874
16/08/2013 0:00,53.67463,52.938375,51.3457812,0.007613874,0.007614067,0.007613874
19/08/2013 0:00,53.87819,52.9960545,51.3987104,0.003785307,0.003785216,0.003785307
20/08/2013 0:00,54.35317,53.057127,51.4421384,0.00877718,0.008777094,0.00877718
21/08/2013 0:00,54.35317,53.1317705,51.5113526,0,0,0
22/08/2013 0:00,54.76029,53.16909,51.5805668,0.007462359,0.007462365,0.007462359
23/08/2013 0:00,54.62458,53.21998,51.6796364,-0.002481332,-0.002481334,-0.002481332
26/08/2013 0:00,55.1675,53.2742625,51.7868484,0.009890047,0.009890063,0.009890047
27/08/2013 0:00,54.28531,53.365869,51.9252766,-0.016120356,-0.016120284,-0.016120356
28/08/2013 0:00,53.81034,53.4099735,52.0406326,-0.008788014,-0.008788113,-0.008788014
29/08/2013 0:00,54.14961,53.460868,52.139704,0.006285129,0.006285227,0.006285129
30/08/2013 0:00,55.09964,53.569438,52.2632026,0.017392411,0.017392431,0.017392411
2/09/2013 0:00,55.37106,53.7153315,52.415203,0.004913892,0.004913714,0.004913892
3/09/2013 0:00,55.64247,53.8035455,52.5685588,0.004889684,0.004889868,0.004889684
4/09/2013 0:00,55.64247,53.9358685,52.7287,0,0,0
5/09/2013 0:00,55.77818,54.102118,52.8508414,0.002435995,0.002435817,0.002435995
6/09/2013 0:00,56.25315,54.278546,52.975697,0.008479286,0.008479382,0.008479286
9/09/2013 0:00,58.85212,54.502471,53.0964814,0.045165817,0.045165823,0.045165817
10/09/2013 0:00,58.85212,54.8156325,53.267888,0,0,0
11/09/2013 0:00,58.08776,55.074507,53.4501512,-0.013072886,-0.013072915,-0.013072886
12/09/2013 0:00,57.17059,55.2951635,53.6184844,-0.015915365,-0.015915255,-0.015915365
13/09/2013 0:00,57.32348,55.4903175,53.7766166,0.002670708,0.00267075,0.002670708
16/09/2013 0:00,58.08776,55.67276,53.9106652,0.013244657,0.013244505,0.013244657
17/09/2013 0:00,58.01136,55.8832385,54.0762842,-0.001316117,-0.001316048,-0.001316117
18/09/2013 0:00,58.01136,56.066148,54.2254474,0,0,0
20/09/2013 0:00,58.01136,56.2490575,54.35561,0,0,0
23/09/2013 0:00,58.24065,56.411611,54.457274,0.003944711,0.003944684,0.003944711
24/09/2013 0:00,58.77572,56.5924145,54.5635238,0.00914528,0.009145335,0.00914528
25/09/2013 0:00,58.69923,56.7728255,54.673688,-0.001302235,-0.001302174,-0.001302235
26/09/2013 0:00,57.93496,56.9935215,54.7836794,-0.013105607,-0.0131058,-0.013105607
27/09/2013 0:00,58.31714,57.1997525,54.8919578,0.006575045,0.006575059,0.006575045
30/09/2013 0:00,58.01136,57.408129,54.9997374,-0.005257193,-0.005257104,-0.005257193
1/10/2013 0:00,57.70566,57.553715,55.1095438,-0.005283591,-0.005283494,-0.005283591
2/10/2013 0:00,57.32348,57.670445,55.2105222,-0.006644949,-0.006644963,-0.006644949
3/10/2013 0:00,58.08776,57.7544955,55.2997858,0.013244657,0.013244505,0.013244657
4/10/2013 0:00,58.01136,57.87676,55.3894054,-0.001316117,-0.001316048,-0.001316117
7/10/2013 0:00,57.47637,57.988419,55.4747828,-0.009264947,-0.009264996,-0.009264947
8/10/2013 0:00,57.93496,58.04958,55.5535316,0.007947095,0.007947041,0.007947095
9/10/2013 0:00,57.55277,58.003722,55.6455234,-0.006618736,-0.006618577,-0.006618736
10/10/2013 0:00,57.55277,57.9387545,55.7285144,0,0,0
11/10/2013 0:00,57.62917,57.912005,55.8237208,0.001326597,0.001326527,0.001326597
14/10/2013 0:00,56.5592,57.934934,55.93674,-0.018740986,-0.018740909,-0.018740986
15/10/2013 0:00,56.40631,57.89672,56.0242886,-0.002706846,-0.002706888,-0.002706846
16/10/2013 0:00,56.17702,57.8126475,56.0802792,-0.004073255,-0.004073227,-0.004073255
17/10/2013 0:00,56.32991,57.7209305,56.1438994,0.002717879,0.002717922,0.002717879
18/10/2013 0:00,57.32348,57.636858,56.224148,0.017484658,0.01748465,0.017484658
21/10/2013 0:00,57.39988,57.602464,56.3256252,0.0013319,0.00133183,0.0013319
22/10/2013 0:00,57.70566,57.5604255,56.4381298,0.00531305,0.005313133,0.00531305
23/10/2013 0:00,57.55277,57.5069225,56.5404652,-0.002652996,-0.002653038,-0.002652996
24/10/2013 0:00,57.93496,57.4495995,56.618028,0.006618736,0.006618577,0.006618736
25/10/2013 0:00,57.47637,57.4495995,56.7032346,-0.007947095,-0.007947041,-0.007947095
28/10/2013 0:00,57.32348,57.407561,56.7874118,-0.002663594,-0.002663461,-0.002663594
29/10/2013 0:00,56.5592,57.373167,56.8603888,-0.013422436,-0.013422457,-0.013422436
30/10/2013 0:00,57.32348,57.315844,56.914009,0.013422436,0.013422457,0.013422436
31/10/2013 0:00,56.9413,57.315844,56.9734152,-0.0066894,-0.00668959,-0.0066894
1/11/2013 0:00,56.8649,57.258521,57.0251778,-0.001342634,-0.001342563,-0.001342634
4/11/2013 0:00,56.5592,57.201198,57.06727,-0.005390402,-0.005390303,-0.005390402
5/11/2013 0:00,56.25342,57.1553395,57.1059624,-0.005421038,-0.005421124,-0.005421038
6/11/2013 0:00,56.8649,57.0712625,57.1276808,0.01081144,0,-0.01081144
7/11/2013 0:00,56.9413,57.036869,57.1792726,0.001342634,0,-0.001342634
8/11/2013 0:00,56.48271,57.0062955,57.2418918,-0.008086339,0,0.008086339
11/11/2013 0:00,57.24708,56.9489725,57.2885538,0.013442063,0,-0.013442063
12/11/2013 0:00,56.9413,56.9833665,57.3315026,-0.005355724,0,0.005355724
13/11/2013 0:00,56.8649,57.010116,57.3629074,-0.001342634,0,0.001342634
14/11/2013 0:00,57.62917,57.04451,57.387356,0.013350584,0,-0.013350584
15/11/2013 0:00,57.55277,57.109473,57.42709,-0.001326597,0,0.001326597
18/11/2013 0:00,57.78206,57.1209375,57.4625818,0.003976081,0,-0.003976081
19/11/2013 0:00,57.93496,57.1400465,57.49316,0.002642655,0,-0.002642655
20/11/2013 0:00,57.93496,57.1515115,57.4748168,0,0,0
21/11/2013 0:00,57.32348,57.170621,57.4564736,-0.010610689,0,0.010610689
22/11/2013 0:00,57.01778,57.140047,57.441188,-0.005347164,0,0.005347164
25/11/2013 0:00,57.39988,57.1171175,57.4381318,0.006679064,0,-0.006679064
26/11/2013 0:00,57.70566,57.1209375,57.4396598,0.00531305,0,-0.00531305
27/11/2013 0:00,57.62917,57.1782605,57.4320178,-0.001326399,0,0.001326399
28/11/2013 0:00,58.01136,57.193545,57.424374,0.00660999,0,-0.00660999
29/11/2013 0:00,59.6164,57.247048,57.424374,0.027291851,0,-0.027291851
2/12/2013 0:00,59.76929,57.384623,57.4564748,0.00256128,0,-0.00256128
3/12/2013 0:00,59.69289,57.5451275,57.4870476,-0.001279066,-0.001278999,-0.001279066
4/12/2013 0:00,60.38077,57.717101,57.505391,0.011457759,0.011457679,0.011457759
5/12/2013 0:00,59.92219,57.8928945,57.5390218,-0.007623789,-0.007623903,-0.007623789
6/12/2013 0:00,59.99858,58.041939,57.5787664,0.001274008,0.001274275,0.001274008
9/12/2013 0:00,60.83935,58.2177325,57.6123952,0.013915888,0.013915847,0.013915888
10/12/2013 0:00,61.06864,58.397346,57.668955,0.003761694,0.003761667,0.003761694
11/12/2013 0:00,59.76929,58.603713,57.7362146,-0.021506494,-0.021506566,-0.021506494
12/12/2013 0:00,59.99858,58.7489325,57.7851308,0.003828911,0.003829052,0.003828911
13/12/2013 0:00,59.99858,58.867403,57.8233472,0,0,0
16/12/2013 0:00,59.3107,58.9896935,57.8630916,-0.011531167,-0.011531254,-0.011531167
17/12/2013 0:00,59.69289,59.0661255,57.8997782,0.00642319,0.006423204,0.00642319
18/12/2013 0:00,60.30427,59.154022,57.9349368,0.010189996,0.010189975,0.010189996
19/12/2013 0:00,60.61006,59.2724875,57.9899668,0.005057972,0.005057887,0.005057972
20/12/2013 0:00,60.38077,59.4368165,58.0511126,-0.003790209,-0.003790183,-0.003790209
23/12/2013 0:00,60.38077,59.604966,58.1061446,0,0,0
24/12/2013 0:00,60.45717,59.7540105,58.182576,0.001264504,0.001264437,0.001264504
25/12/2013 0:00,60.38077,59.891586,58.2635932,-0.001264504,-0.001264437,-0.001264504
26/12/2013 0:00,60.61006,60.029166,58.3476682,0.003790209,0.003790183,0.003790209
27/12/2013 0:00,61.06864,60.159101,58.4332712,0.007537592,0.007537704,0.007537592
30/12/2013 0:00,61.37434,60.231713,58.5081744,0.004993355,0.004993264,0.004993355
31/12/2013 0:00,61.22144,60.3119655,58.5876636,-0.002494378,-0.002494254,-0.002494378
1/01/2014 0:00,61.22144,60.388393,58.6579792,0,0,0
2/01/2014 0:00,61.45074,60.4304265,58.7313526,0.003738423,0.003738234,0.003738423
3/01/2014 0:00,60.68646,60.506854,58.8016682,-0.012515269,-0.012515125,-0.012515269
6/01/2014 0:00,60.38077,60.541248,58.86587,-0.005049932,-0.005050005,-0.005049932
7/01/2014 0:00,60.38077,60.518319,58.9270158,0,0,0
8/01/2014 0:00,60.76286,60.4839255,59.0034472,0.00630807,0.006308077,0.00630807
9/01/2014 0:00,61.52723,60.533604,59.0722348,0.012501094,0.012501121,0.012501094
10/01/2014 0:00,62.06221,60.6100365,59.1639534,0.008657428,0.008657473,0.008657428
13/01/2014 0:00,62.5208,60.713218,59.2678996,0.007362032,0.007361981,0.007362032
14/01/2014 0:00,62.90298,60.873723,59.3871316,0.006094238,0.006094251,0.006094238
15/01/2014 0:00,63.66726,61.0342275,59.5201228,0.012076919,0.01207678,0.012076919
16/01/2014 0:00,64.12584,61.202377,59.65617,0.007176944,0.007177051,0.007176944
17/01/2014 0:00,64.04944,61.378166,59.7998608,-0.001192118,-0.001192055,-0.001192118
20/01/2014 0:00,65.1195,61.5615995,59.9511954,0.016568758,0.016568696,0.016568758
21/01/2014 0:00,64.58442,61.798536,60.1086438,-0.008250838,-0.008250733,-0.008250838
22/01/2014 0:00,64.35514,62.0048985,60.2615062,-0.003556399,-0.003556529,-0.003556399
23/01/2014 0:00,64.12584,62.203617,60.411311,-0.003569404,-0.003569379,-0.003569404
24/01/2014 0:00,64.96661,62.379406,60.5412444,0.013026043,0.013026006,0.013026043
27/01/2014 0:00,64.89021,62.5743045,60.6895212,-0.001176681,-0.001176619,-0.001176681
28/01/2014 0:00,64.89021,62.750098,60.8316842,0,0,0
29/01/2014 0:00,64.89021,62.9335365,60.9707892,0,0,0
30/01/2014 0:00,64.89021,63.116975,61.1098942,0,0,0
31/01/2014 0:00,64.89021,63.2889485,61.2612288,0,0,0
3/02/2014 0:00,64.89021,63.499136,61.4186774,0,0,0
5/02/2014 0:00,62.1387,63.724608,61.568484,-0.043327782,-0.043327795,-0.043327782
6/02/2014 0:00,62.59729,63.8125045,61.6571448,0.007353003,0.007352952,0.007353003
7/02/2014 0:00,62.2151,63.904226,61.7565072,-0.006124251,-0.006124103,-0.006124251
10/02/2014 0:00,62.4444,63.9386195,61.840582,0.003678825,0.003678639,0.003678825
11/02/2014 0:00,61.45074,63.957729,61.897142,-0.016040683,-0.016040685,-0.016040683
12/02/2014 0:00,62.90298,63.904226,61.930771,0.023357661,0.023357772,0.023357661
13/02/2014 0:00,63.20867,63.904226,61.9949728,0.004847936,0.004848005,0.004847936
14/02/2014 0:00,63.82015,63.8812965,62.0515308,0.009627496,0.009627483,0.009627496
17/02/2014 0:00,63.82015,63.866012,62.12949,0,0,0
18/02/2014 0:00,64.04944,63.8545475,62.2059214,0.003586314,0.003586288,0.003586314
19/02/2014 0:00,64.20233,63.8010445,62.2701232,0.002384218,0.002384099,0.002384218
20/02/2014 0:00,63.28517,63.78194,62.332797,-0.014388482,-0.01438854,-0.014388482
21/02/2014 0:00,63.97304,63.7284415,62.4031146,0.010810724,0.010810807,0.010810724
24/02/2014 0:00,63.20867,63.7208015,62.4826038,-0.012020269,-0.012020137,-0.012020269
25/02/2014 0:00,63.28517,63.6329045,62.5468056,0.001209545,0.00120933,0.001209545
26/02/2014 0:00,63.89655,63.5526525,62.626295,0.009614349,0.009614488,0.009614349
27/02/2014 0:00,64.20233,63.5029695,62.7103682,0.004774134,0.004774052,0.004774134
28/02/2014 0:00,64.20233,63.4685755,62.7883294,0,0,0
3/03/2014 0:00,63.51446,63.4341815,62.8601748,-0.010771906,-0.010771831,-0.010771906
4/03/2014 0:00,63.28517,63.365394,62.9228486,-0.003616576,-0.003616709,-0.003616576
5/03/2014 0:00,63.43797,63.285142,62.9809366,0.002411558,0.002411589,0.002411558
6/03/2014 0:00,64.50803,63.3501055,63.0405526,0.016727134,0.016727074,0.016727134
7/03/2014 0:00,64.73732,63.4456425,63.1230978,0.003548139,0.00354827,0.003548139
10/03/2014 0:00,64.66091,63.5717535,63.205643,-0.001181005,-0.001180944,-0.001181005
11/03/2014 0:00,64.35514,63.682579,63.2774884,-0.004740039,-0.004740113,-0.004740039
12/03/2014 0:00,64.73732,63.827799,63.3371044,0.005921045,0.005921057,0.005921045
13/03/2014 0:00,65.80738,63.919516,63.407422,0.016394139,0.016394079,0.016394139
14/03/2014 0:00,65.34879,64.0494515,63.4991408,-0.006993066,-0.006992864,-0.006993066
17/03/2014 0:00,66.26596,64.1258835,63.5771018,0.013937417,0.013937319,0.013937417
18/03/2014 0:00,65.73089,64.248174,63.6886918,-0.008107359,-0.008107408,-0.008107359
19/03/2014 0:00,65.1959,64.3322465,63.7956942,-0.008172399,-0.008172443,-0.008172399
20/03/2014 0:00,64.50803,64.381925,63.8919968,-0.010606871,-0.010606953,-0.010606871
21/03/2014 0:00,64.73732,64.443068,63.9669002,0.003548139,0.00354827,0.003548139
24/03/2014 0:00,65.73089,64.481282,64.031102,0.015231131,0.015231126,0.015231131
25/03/2014 0:00,65.50168,64.607393,64.1044756,-0.003493191,-0.003493161,-0.003493191
26/03/2014 0:00,65.73089,64.7182185,64.1640932,0.003493191,0.003493161,0.003493191
27/03/2014 0:00,65.96027,64.8099355,64.2206514,0.003483609,0.003483591,0.003483609
28/03/2014 0:00,65.96027,64.8978325,64.2665116,0,0,0
31/03/2014 0:00,65.96027,64.9857295,64.3032002,0,0,0
1/04/2014 0:00,65.88378,65.10802,64.3414168,-0.00116031,-0.001160256,-0.00116031
2/04/2014 0:00,65.88378,65.2379505,64.3567024,0,0,0
3/04/2014 0:00,65.88378,65.360241,64.3826896,0,0,0
4/04/2014 0:00,65.88378,65.4290285,64.4132624,0,0,0
7/04/2014 0:00,65.96027,65.4863515,64.4484212,0.00116031,0.001160256,0.00116031
8/04/2014 0:00,66.03667,65.5513195,64.4682944,0.001157603,0.001157694,0.001157603
9/04/2014 0:00,66.11307,65.635396,64.4912236,0.001156264,0.001156203,0.001156264
10/04/2014 0:00,66.34236,65.7041835,64.5156808,0.003462149,0.003462276,0.003462149
11/04/2014 0:00,65.80738,65.7309325,64.5447238,-0.008096617,-0.008096811,-0.008096617
14/04/2014 0:00,66.18956,65.753862,64.5630672,0.005790756,0.005790921,0.005790756
15/04/2014 0:00,66.64814,65.750042,64.5890542,0.006904393,0.006904344,0.006904393
16/04/2014 0:00,66.87744,65.7959045,64.6242128,0.003434551,0.003434528,0.003434551
17/04/2014 0:00,67.18313,65.8799815,64.7189876,0.004560484,0.004560549,0.004560484
18/04/2014 0:00,67.25953,66.0137365,64.8107044,0.001136544,0.001136484,0.001136544
21/04/2014 0:00,67.18313,66.139847,64.911593,-0.001136544,-0.001136484,-0.001136544
22/04/2014 0:00,67.10673,66.212459,65.0063676,-0.001137837,-0.001137927,-0.001137837
23/04/2014 0:00,67.71812,66.2927115,65.1194874,0.009069458,0.009069441,0.009069458
24/04/2014 0:00,67.71812,66.392073,65.2157902,0,0,0
25/04/2014 0:00,66.49525,66.4799655,65.3059792,-0.018223279,-0.01822325,-0.018223279
28/04/2014 0:00,66.03667,66.5067145,65.3594812,-0.006920323,-0.006920274,-0.006920323
29/04/2014 0:00,67.10673,66.5105345,65.4038116,0.016074143,0.016074083,0.016074143
30/04/2014 0:00,66.18956,66.571682,65.4649574,-0.01376159,-0.013761494,-0.01376159
1/05/2014 0:00,66.18956,66.586971,65.504702,0,0,0
2/05/2014 0:00,67.87101,66.60226,65.5627898,0.025086245,0.025086167,0.025086245
5/05/2014 0:00,67.79461,66.7016215,65.6407492,-0.001126299,-0.001126387,-0.001126299
6/05/2014 0:00,68.0239,66.7933385,65.732468,0.003376421,0.003376397,0.003376421
7/05/2014 0:00,67.87101,66.8927,65.8272426,-0.002250122,-0.00225001,-0.002250122
8/05/2014 0:00,68.1003,66.980597,65.9067318,0.003372626,0.003372603,0.003372626
9/05/2014 0:00,68.32959,67.068494,65.9846912,0.00336129,0.003361267,0.00336129
12/05/2014 0:00,67.03024,67.1946045,66.0672364,-0.019199048,-0.019199115,-0.019199048
13/05/2014 0:00,67.18313,67.2366385,66.137552,0.002278313,0.002278499,0.002278313
14/05/2014 0:00,67.41242,67.263388,66.2155112,0.0034071,0.003407075,0.0034071
15/05/2014 0:00,67.71812,67.290137,66.2950002,0.004524522,0.004524439,0.004524522
16/05/2014 0:00,67.87101,67.3168865,66.359202,0.002255196,0.002255232,0.002255196
19/05/2014 0:00,68.63528,67.3474605,66.4218758,0.011197696,0.011197713,0.011197696
20/05/2014 0:00,69.24676,67.420068,66.5013632,0.008869669,0.008869658,0.008869669
21/05/2014 0:00,68.78818,67.5270695,66.5991956,-0.006644429,-0.006644528,-0.006644429
22/05/2014 0:00,70.31682,67.5805725,66.6802128,0.021979103,0.021979145,0.021979103
23/05/2014 0:00,71.08109,67.7105075,66.7704016,0.010810307,0.010810325,0.010810307
26/05/2014 0:00,70.699,67.9397995,66.8850476,-0.005389909,-0.005389773,-0.005389909
27/05/2014 0:00,70.92829,68.172916,66.9737084,0.003237938,0.003237915,0.003237938
28/05/2014 0:00,71.38688,68.363994,67.0776564,0.006444732,0.006444546,0.006444732
29/05/2014 0:00,71.46328,68.62386,67.201476,0.001069652,0.001069737,0.001069652
30/05/2014 0:00,70.62251,68.887546,67.340581,-0.011834819,-0.011834786,-0.011834819
2/06/2014 0:00,70.62251,69.025121,67.4582848,0,0,0
3/06/2014 0:00,71.08109,69.166516,67.5561172,0.006472406,0.00647236,0.006472406
4/06/2014 0:00,71.15759,69.3193755,67.6677054,0.001075657,0.001075607,0.001075657
5/06/2014 0:00,71.00469,69.4837045,67.7762394,-0.002151064,-0.002150957,-0.002151064
6/06/2014 0:00,71.23399,69.628924,67.8771278,0.003224161,0.003224139,0.003224161
9/06/2014 0:00,71.46328,69.774144,67.9826022,0.003213659,0.003213637,0.003213659
10/06/2014 0:00,71.92186,69.995796,68.0926624,0.006396501,0.006396596,0.006396501
11/06/2014 0:00,71.69257,70.2327325,68.213424,-0.003193136,-0.003193113,-0.003193136
12/06/2014 0:00,71.38688,70.44674,68.3295998,-0.004273017,-0.004273219,-0.004273017
13/06/2014 0:00,71.23399,70.630178,68.4396618,-0.002144007,-0.0021439,-0.002144007
16/06/2014 0:00,70.8518,70.798327,68.546666,-0.005379721,-0.005379733,-0.005379721
17/06/2014 0:00,71.84546,70.909153,68.6444966,0.013927052,0.013927052,0.013927052
18/06/2014 0:00,71.92186,71.039088,68.7606724,0.001062829,0.001062912,0.001062829
19/06/2014 0:00,71.76897,71.195772,68.8768482,-0.002128042,-0.002128075,-0.002128042
20/06/2014 0:00,72.07476,71.2683795,68.9853804,0.004251704,0.004251632,0.004251704
23/06/2014 0:00,74.59697,71.318063,69.110728,0.034395976,0.03439601,0.034395976
24/06/2014 0:00,75.05556,71.5129615,69.2788762,0.00612875,0.006128707,0.00612875
25/06/2014 0:00,73.7562,71.719325,69.4470246,-0.01746358,-0.017463505,-0.01746358
26/06/2014 0:00,75.28484,71.837791,69.5845998,0.020513727,0.020513764,0.020513727
27/06/2014 0:00,75.36124,72.028869,69.746634,0.001014298,0.001014244,0.001014298
30/06/2014 0:00,76.4313,72.2658055,69.9086682,0.014099214,0.014099161,0.014099214
1/07/2014 0:00,77.95995,72.556245,70.0936316,0.019802935,0.019802973,0.019802935
2/07/2014 0:00,78.72423,72.900188,70.310696,0.009755753,0.009755641,0.009755753
3/07/2014 0:00,79.4886,73.27852,70.5308182,0.009662629,0.009662651,0.009662629
4/07/2014 0:00,78.72423,73.7027155,70.7662278,-0.009662629,-0.009662651,-0.009662629
7/07/2014 0:00,79.10641,74.0772275,71.0108074,0.004842922,0.00484306,0.004842922
8/07/2014 0:00,79.87068,74.459384,71.2722022,0.009614919,0.009614933,0.009614919
9/07/2014 0:00,80.25287,74.856825,71.5274812,0.004773698,0.004773583,0.004773698
10/07/2014 0:00,82.92798,75.28484,71.8087474,0.032789996,0.032790057,0.032789996
11/07/2014 0:00,83.31016,75.861895,72.1435158,0.00459799,0.004598,0.00459799
14/07/2014 0:00,84.07444,76.4657035,72.4522988,0.009132086,0.009131981,0.009132086
15/07/2014 0:00,84.8388,77.1268355,72.7778954,0.009050388,0.009050527,0.009050388
16/07/2014 0:00,82.1637,77.7765025,73.1141934,-0.032039387,-0.032039445,-0.032039387
17/07/2014 0:00,81.39933,78.2885945,73.4000472,-0.009346557,-0.009346454,-0.009346557
18/07/2014 0:00,82.1637,78.7701125,73.6660278,0.009346557,0.009346454,0.009346557
21/07/2014 0:00,84.45662,79.2745595,73.94271,0.027524431,0.02752448,0.027524431
22/07/2014 0:00,84.07444,79.767542,74.2912376,-0.004535433,-0.004535562,-0.004535433
23/07/2014 0:00,84.07444,80.218486,74.6290638,0,0,0
24/07/2014 0:00,84.45662,80.734398,74.9623042,0.004535433,0.004535562,0.004535433
25/07/2014 0:00,82.54579,81.192987,75.2970742,-0.02288486,-0.022884904,-0.02288486
28/07/2014 0:00,80.25287,81.5522145,75.5905698,-0.028170645,-0.028170696,-0.028170645
29/07/2014 0:00,80.25287,81.743293,75.8229216,0,0,0
30/07/2014 0:00,79.87068,81.857939,76.0430438,-0.004773698,-0.004773583,-0.004773698
31/07/2014 0:00,79.10641,81.9152615,76.2646938,-0.009614919,-0.009614933,-0.009614919
1/08/2014 0:00,77.95995,81.896152,76.4404856,-0.014598675,-0.0145987,-0.014598675
4/08/2014 0:00,80.63505,81.857938,76.5780628,0.033738185,0.033738245,0.033738185
5/08/2014 0:00,77.95995,81.93437,76.7767838,-0.033738185,-0.033738245,-0.033738185
6/08/2014 0:00,79.10641,81.8388335,76.917417,0.014598675,0.0145987,0.014598675
7/08/2014 0:00,79.10641,81.7815105,77.0718076,0,0,0
8/08/2014 0:00,78.34213,81.590432,77.2246702,-0.009708391,-0.009708406,-0.009708391
11/08/2014 0:00,79.4886,81.3420305,77.3790626,0.014528098,0.014527998,0.014528098
12/08/2014 0:00,79.87068,81.1127385,77.5563844,0.004795212,0.004795342,0.004795212
13/08/2014 0:00,81.01715,80.8643325,77.7321762,0.014252034,0.014251935,0.014252034
14/08/2014 0:00,83.31016,80.807005,77.9293674,0.02790965,0.027909705,0.02790965
15/08/2014 0:00,82.1637,80.9025465,78.1754768,-0.013856912,-0.013856936,-0.013856912
18/08/2014 0:00,82.1637,80.9025465,78.394071,0,0,0
19/08/2014 0:00,82.92798,80.7879005,78.6080794,0.009258922,0.009258937,0.009258922
20/08/2014 0:00,82.92798,80.7305775,78.8282018,0,0,0
21/08/2014 0:00,82.92798,80.6732545,79.05291,0,0,0
22/08/2014 0:00,75.06646,80.5968225,79.283732,-0.099598666,-0.099598666,-0.099598666
25/08/2014 0:00,75.4077,80.222856,79.3603814,0.004535537,0.004535466,0.004535537
26/08/2014 0:00,75.06646,79.9805975,79.4514994,-0.004535537,-0.004535466,-0.004535537
27/08/2014 0:00,76.43132,79.721277,79.5159194,0.018018705,0.018018682,0.018018705
28/08/2014 0:00,88.81391,79.549309,79.6061086,0.150150722,0,-0.150150722
29/08/2014 0:00,88.81391,80.034684,79.9470074,0,0,0
1/09/2014 0:00,88.37854,80.577382,80.2817904,-0.004914102,-0.004914052,-0.004914102
2/09/2014 0:00,87.5078,80.9645565,80.5574218,-0.009901248,-0.009901262,-0.009901248
3/09/2014 0:00,87.94317,81.441949,80.8064666,0.004962878,0.004962828,0.004962878
4/09/2014 0:00,86.98539,81.883787,81.090206,-0.010950637,-0.010950616,-0.010950637
5/09/2014 0:00,87.5078,82.277736,81.324217,0.005987759,0.005987788,0.005987759
8/09/2014 0:00,87.5078,82.7360195,81.5671482,0,0,0
9/09/2014 0:00,88.81391,83.1369795,81.7886782,0.01481535,0.014815314,0.01481535
10/09/2014 0:00,87.94317,83.584141,82.0057574,-0.009852471,-0.009852486,-0.009852471
11/09/2014 0:00,87.07242,83.930442,82.1901362,-0.009950624,-0.009950524,-0.009950624
12/09/2014 0:00,86.55002,84.118555,82.3418126,-0.006017673,-0.006017702,-0.006017673
15/09/2014 0:00,87.94317,84.337871,82.4983284,0.015968298,0.015968226,0.015968298
16/09/2014 0:00,86.63706,84.6268445,82.6750636,-0.014963142,-0.014963106,-0.014963142
17/09/2014 0:00,87.94317,84.8122985,82.8103912,0.014963142,0.014963106,0.014963142
18/09/2014 0:00,88.81391,85.063058,82.9641972,0.009852471,0.009852486,0.009852471
19/09/2014 0:00,87.94317,85.3573545,83.0819158,-0.009852471,-0.009852486,-0.009852471
22/09/2014 0:00,87.5078,86.00119,83.174576,-0.004962878,-0.004962828,-0.004962878
23/09/2014 0:00,87.5078,86.606195,83.2432432,0,0,0
24/09/2014 0:00,87.5078,87.228262,83.2966232,0,0,0
25/09/2014 0:00,87.07242,87.782086,83.4035052,-0.004987746,-0.004987696,-0.004987746
26/09/2014 0:00,84.54733,87.6950115,83.516967,-0.02942869,-0.029428763,-0.02942869
29/09/2014 0:00,84.9827,87.4816825,83.5646396,0.00513621,0.005136277,0.00513621
30/09/2014 0:00,83.58955,87.3118905,83.5751612,-0.016529194,-0.016529239,-0.016529194
1/10/2014 0:00,85.67928,87.115978,83.5654634,0.02469251,0.024692519,0.02469251
2/10/2014 0:00,84.89557,87.0027835,83.5975602,-0.00918911,-0.009189042,-0.00918911
3/10/2014 0:00,86.46289,86.8982925,83.6063392,0.018293392,0.018293369,0.018293392
6/10/2014 0:00,85.76631,86.846047,83.6846812,-0.008089033,-0.008088996,-0.008089033
7/10/2014 0:00,84.9827,86.7589725,83.79495,-0.009178566,-0.00917861,-0.009178566
8/10/2014 0:00,84.199,86.567412,83.8895466,-0.009264662,-0.009264712,-0.009264662
9/10/2014 0:00,84.9827,86.3802035,83.976113,0.009264662,0.009264712,0.009264662
10/10/2014 0:00,84.9827,86.2757175,84.0936388,0,0,0
13/10/2014 0:00,83.41538,86.1973515,84.2340938,-0.018615002,-0.018614978,-0.018615002
14/10/2014 0:00,83.58955,85.970962,84.2897004,0.002085807,0.002085739,0.002085807
15/10/2014 0:00,81.4127,85.8185865,84.4022924,-0.026387232,-0.026387208,-0.026387232
16/10/2014 0:00,80.28075,85.492063,84.4484182,-0.014001414,-0.014001446,-0.014001414
17/10/2014 0:00,77.49445,85.065405,84.471905,-0.035323545,-0.035323514,-0.035323545
20/10/2014 0:00,81.15149,84.542969,84.4549514,0.046111334,0.046111318,0.046111334
21/10/2014 0:00,81.4127,84.2251535,84.4882092,0.003213626,0,-0.003213626
22/10/2014 0:00,81.84807,83.9203985,84.5190496,0.005333443,0,-0.005333443
23/10/2014 0:00,82.71881,83.637412,84.535668,0.010582301,0,-0.010582301
24/10/2014 0:00,81.15149,83.4197315,84.523841,-0.01912937,0,0.01912937
27/10/2014 0:00,81.84807,83.2499395,84.5035968,0.008547069,0,-0.008547069
28/10/2014 0:00,83.15418,83.093208,84.4972842,0.015831751,0,-0.015831751
29/10/2014 0:00,82.71881,83.0714395,84.5018082,-0.00524945,0,0.00524945
30/10/2014 0:00,82.89298,82.923416,84.4976248,0.002103353,0,-0.002103353
31/10/2014 0:00,83.58955,82.8232865,84.4969248,0.008368134,0,-0.008368134
3/11/2014 0:00,85.41807,82.6796195,84.6673866,0.021639159,0,-0.021639159
4/11/2014 0:00,84.89557,82.6622075,84.867594,-0.006135758,0,0.006135758
5/11/2014 0:00,85.50511,82.657851,85.0641762,0.007154227,0,-0.007154227
6/11/2014 0:00,83.50242,82.7231565,85.245652,-0.023700527,0,0.023700527
7/11/2014 0:00,83.85076,82.6491425,85.1394222,0.004162939,0,-0.004162939
10/11/2014 0:00,85.59215,82.5925455,85.0401592,0.020555021,0,-0.020555021
11/11/2014 0:00,85.06974,82.701384,84.9844314,-0.006122183,0,0.006122183
12/11/2014 0:00,83.58955,82.7753935,84.9356702,-0.017552878,0,0.017552878
13/11/2014 0:00,85.33094,82.884236,84.8485978,0.020618596,0,-0.020618596
14/11/2014 0:00,84.28612,83.1367455,84.8155088,-0.012319907,0,0.012319907
17/11/2014 0:00,83.24122,83.476329,84.7510752,-0.012474544,0,0.012474544
18/11/2014 0:00,83.15418,83.5808155,84.6657436,-0.001046183,0,0.001046183
19/11/2014 0:00,83.58955,83.6678895,84.552549,0.005222037,0,-0.005222037
20/11/2014 0:00,84.199,83.7549635,84.4654766,0.007264532,0,-0.007264532
21/11/2014 0:00,83.85076,83.828973,84.4080082,-0.004144493,0,0.004144493
24/11/2014 0:00,84.02492,83.9639365,84.354023,0.002074869,0,-0.002074869
25/11/2014 0:00,83.93779,84.072779,84.275658,-0.001037492,0,0.001037492
26/11/2014 0:00,84.7215,84.1119595,84.2216726,0.009293477,0,-0.009293477
27/11/2014 0:00,84.54733,84.212094,84.1572392,-0.002057911,-0.002057962,-0.002057911
28/11/2014 0:00,84.46029,84.2948115,84.0719076,-0.001030013,-0.001029977,-0.001030013
1/12/2014 0:00,82.98001,84.3383485,84.00225,-0.017681748,-0.017681641,-0.017681748
2/12/2014 0:00,80.71612,84.2164455,83.9116942,-0.027661428,-0.027661487,-0.027661428
3/12/2014 0:00,82.28344,84.007473,83.7758606,0.019231565,0.019231541,0.019231565
4/12/2014 0:00,82.98001,83.8463895,83.6713734,0.008429863,0.008429946,0.008429863
5/12/2014 0:00,81.15149,83.820269,83.5895252,-0.022282081,-0.022282194,-0.022282081
8/12/2014 0:00,80.01955,83.6853055,83.5216084,-0.014046675,-0.014046706,-0.014046675
9/12/2014 0:00,78.36519,83.4066755,83.4223454,-0.020891156,0,0.020891156
10/12/2014 0:00,78.01686,83.071448,83.3178582,-0.004454866,0,0.004454866
11/12/2014 0:00,78.27807,82.7928135,83.1646098,0.00334253,0,-0.00334253
12/12/2014 0:00,78.01686,82.44017,83.0322598,-0.00334253,0,0.00334253
15/12/2014 0:00,76.36251,82.126707,82.8633392,-0.021433088,0,0.021433088
16/12/2014 0:00,74.88232,81.7827715,82.6752632,-0.019574054,0,0.019574054
17/12/2014 0:00,73.40204,81.3691785,82.4732556,-0.019966086,0,0.019966086
18/12/2014 0:00,73.83741,80.859803,82.2573164,0.005913786,0,-0.005913786
19/12/2014 0:00,74.53399,80.3417235,82.0344106,0.009389749,0,-0.009389749
22/12/2014 0:00,76.62371,79.875885,81.8254364,0.027651296,0,-0.027651296
23/12/2014 0:00,76.01426,79.5058245,81.689603,-0.007985605,0,0.007985605
24/12/2014 0:00,76.44955,79.109648,81.5380972,0.005710092,0,-0.005710092
25/12/2014 0:00,76.44955,78.6960505,81.4388342,0,0,0
26/12/2014 0:00,76.62371,78.2911615,81.3622102,0.002275513,0,-0.002275513
29/12/2014 0:00,76.44955,77.8993325,81.3447954,-0.002275513,0,0.002275513
30/12/2014 0:00,76.44955,77.5728095,81.2507566,0,0,0
31/12/2014 0:00,76.53667,77.359481,81.1514936,0.001138926,0,-0.001138926
1/01/2015 0:00,76.53667,77.0721425,81.0452656,0,0,0
2/01/2015 0:00,76.53667,76.7499755,80.9216228,0,0,0
5/01/2015 0:00,75.92713,76.5192345,80.8293264,-0.007995908,0,0.007995908
6/01/2015 0:00,73.5762,76.3146135,80.7109076,-0.031452461,0,0.031452461
7/01/2015 0:00,74.18574,76.075164,80.519348,0.008250345,0,-0.008250345
8/01/2015 0:00,75.66593,75.883608,80.3486866,0.019756045,0,-0.019756045
9/01/2015 0:00,75.31769,75.753001,80.2041456,-0.004612959,0,0.004612959
12/01/2015 0:00,74.62102,75.6180425,80.0387084,-0.009292797,0,0.009292797
13/01/2015 0:00,75.14352,75.530968,79.8227674,0.006977648,0,-0.006977648
14/01/2015 0:00,74.27278,75.544028,79.6277264,-0.011655353,0,0.011655353
15/01/2015 0:00,73.83741,75.587565,79.4030798,-0.005879018,0,0.005879018
16/01/2015 0:00,73.22787,75.587565,79.2097796,-0.008289428,0,0.008289428
19/01/2015 0:00,72.87963,75.522259,78.9973218,-0.00476691,0,0.00476691
20/01/2015 0:00,73.75037,75.335055,78.7430714,0.011876836,0,-0.011876836
21/01/2015 0:00,74.27278,75.2218605,78.516684,0.00705852,0,-0.00705852
22/01/2015 0:00,74.44694,75.113022,78.3303486,0.002342125,0,-0.002342125
23/01/2015 0:00,76.44955,75.0128915,78.1126686,0.026544389,0,-0.026544389
26/01/2015 0:00,77.32029,75.0041835,77.9559372,0.011325359,0,-0.011325359
27/01/2015 0:00,77.32029,75.0477205,77.8375186,0,0,0
28/01/2015 0:00,76.53667,75.0912575,77.7208408,-0.010186433,0,0.010186433
29/01/2015 0:00,75.49177,75.0912575,77.5797832,-0.013746329,0,0.013746329
30/01/2015 0:00,75.49177,75.0390125,77.4056386,0,0,0
2/02/2015 0:00,75.31769,74.9867675,77.2384588,-0.00230861,0,0.00230861
3/02/2015 0:00,76.1013,74.9562955,77.0643142,0.010350313,0,-0.010350313
4/02/2015 0:00,76.18834,75.0825505,76.9075844,0.001143085,0,-0.001143085
5/02/2015 0:00,66.69749,75.1826805,76.7369212,-0.133041112,0,0.133041112
6/02/2015 0:00,76.01426,74.7342585,76.3799244,0.130753633,0,-0.130753633
9/02/2015 0:00,75.75297,74.769087,76.2110038,-0.003443303,0,0.003443303
10/02/2015 0:00,74.44694,74.8256845,76.066463,-0.017390995,0,0.017390995
11/02/2015 0:00,73.83741,74.7908555,75.9410794,-0.008221143,0,0.008221143
12/02/2015 0:00,75.05639,74.769087,75.7721588,0.016374184,0,-0.016374184
13/02/2015 0:00,74.70815,74.830036,75.6136864,-0.004650508,0,0.004650508
16/02/2015 0:00,74.70815,74.90405,75.4848196,0,0,0
17/02/2015 0:00,74.70815,74.995476,75.3785916,0,0,0
18/02/2015 0:00,74.70815,75.043365,75.3054508,0,0,0
19/02/2015 0:00,74.70815,75.0651335,75.2392766,0,0,0
20/02/2015 0:00,74.70815,75.078194,75.1678782,0,0,0
23/02/2015 0:00,74.70815,74.991124,75.101704,0,0,0
24/02/2015 0:00,74.70815,74.860517,75.0686168,0,0,0
25/02/2015 0:00,75.14352,74.72991,75.0651334,0.005810696,0,-0.005810696
26/02/2015 0:00,75.8401,74.6602525,75.099963,0.009227292,0,-0.009227292
27/02/2015 0:00,75.8401,74.677669,75.1400168,0,0,0
2/03/2015 0:00,75.8401,74.6950855,75.166139,0,0,0
3/03/2015 0:00,75.14352,74.721206,75.1504668,-0.009227292,0,0.009227292
4/03/2015 0:00,76.88491,74.673317,75.133052,0.022909743,0,-0.022909743
5/03/2015 0:00,77.05908,74.7081455,75.1417592,0.002262772,0,-0.002262772
6/03/2015 0:00,77.32029,75.226225,75.1539498,0.003384005,0.003384022,0.003384005
9/03/2015 0:00,76.44955,75.2915265,75.1678814,-0.011325359,-0.011325375,-0.011325359
10/03/2015 0:00,75.8401,75.3263555,75.1678814,-0.00800387,-0.008003864,-0.00800387
11/03/2015 0:00,76.01426,75.3960135,75.1556924,0.002293778,0.002293835,0.002293778
12/03/2015 0:00,75.8401,75.504856,75.1452442,-0.002293778,-0.002293835,-0.002293778
13/03/2015 0:00,76.62371,75.5440415,75.1313128,0.010279382,0.010279433,0.010279382
16/03/2015 0:00,76.01426,75.6398195,75.1330536,-0.007985605,-0.007985598,-0.007985605
17/03/2015 0:00,76.01426,75.705125,75.1347962,0,0,0
18/03/2015 0:00,76.53667,75.7704305,75.1835574,0.006849018,0.006849052,0.006849018
19/03/2015 0:00,79.32297,75.8618565,75.230576,0.035757774,0.035757741,0.035757774
20/03/2015 0:00,80.97733,76.0925975,75.3037168,0.020641493,0.020641432,0.020641493
23/03/2015 0:00,81.4127,76.4060565,75.4169096,0.005362042,0.005362111,0.005362042
24/03/2015 0:00,81.23853,76.741284,75.5527432,-0.002141638,-0.002141692,-0.002141638
25/03/2015 0:00,82.1964,77.067803,75.6746434,0.011721863,0.011721969,0.011721863
26/03/2015 0:00,82.1964,77.420447,75.8331158,0,0,0
27/03/2015 0:00,80.97733,77.738262,76.0002956,-0.014942267,-0.014942388,-0.014942267
30/03/2015 0:00,81.84807,77.9951235,76.1552848,0.010695485,0.0106955,0.010695485
31/03/2015 0:00,79.75834,78.295522,76.3346536,-0.025863411,-0.025863421,-0.025863411
1/04/2015 0:00,79.84538,78.526263,76.454813,0.001090702,0.001090789,0.001090702
2/04/2015 0:00,81.15149,78.6742865,76.566265,0.01622564,0.0162256,0.01622564
3/04/2015 0:00,81.15149,78.878907,76.700356,0,0,0
6/04/2015 0:00,81.15149,79.070467,76.7943948,0,0,0
7/04/2015 0:00,81.49982,79.305564,76.8710188,0.004283157,0.004283263,0.004283157
8/04/2015 0:00,81.58686,79.58855,76.9546094,0.001067408,0.00106737,0.001067408
9/04/2015 0:00,80.97733,79.86718,77.0556132,-0.007498981,-0.007499103,-0.007498981
10/04/2015 0:00,81.06446,80.1240415,77.1653244,0.001075402,0.001075369,0.001075402
13/04/2015 0:00,80.89028,80.346079,77.2767782,-0.002150972,-0.002150778,-0.002150972
14/04/2015 0:00,81.6739,80.58988,77.38823,0.009640821,0.009640744,0.009640821
15/04/2015 0:00,80.19372,80.872862,77.499682,-0.018289282,-0.018289415,-0.018289282
16/04/2015 0:00,81.23853,81.0557145,77.5797896,0.012944434,0.012944499,0.012944434
17/04/2015 0:00,80.36788,81.1514925,77.8706104,-0.010775048,-0.010775058,-0.010775048
20/04/2015 0:00,80.80325,81.12102,77.9576828,0.005402594,0.005402664,0.005402594
21/04/2015 0:00,80.19372,81.0905475,78.0586884,-0.00757198,-0.007572104,-0.00757198
22/04/2015 0:00,80.10659,81.038307,78.173624,-0.001087085,-0.001087052,-0.001087085
23/04/2015 0:00,81.23853,80.9338165,78.2990076,0.014031519,0.014031551,0.014031519
24/04/2015 0:00,82.37048,80.885923,78.4226504,0.013837478,0.01383751,0.013837478
27/04/2015 0:00,82.4576,80.9555805,78.575897,0.001057102,0.001057191,0.001057102
28/04/2015 0:00,81.49982,80.986057,78.730886,-0.01168341,-0.011683387,-0.01168341
29/04/2015 0:00,80.19372,81.073131,78.8667194,-0.016155604,-0.016155813,-0.016155604
30/04/2015 0:00,80.10659,81.090548,78.9764308,-0.001087085,-0.001087052,-0.001087085
1/05/2015 0:00,80.10659,81.038303,79.0843996,0,0,0
4/05/2015 0:00,81.06446,80.986058,79.1923684,0.011886518,0.011886501,0.011886518
5/05/2015 0:00,81.06446,80.9817065,79.3194946,0,0,0
6/05/2015 0:00,80.97733,80.9599385,79.4466208,-0.001075402,-0.001075369,-0.001075402
7/05/2015 0:00,80.19372,80.929462,79.563297,-0.009724031,-0.00972408,-0.009724031
8/05/2015 0:00,80.71612,80.8902815,79.6503694,0.0064931,0.006493256,0.0064931
11/05/2015 0:00,81.15149,80.8728645,79.7478898,0.005379347,0.005379293,0.005379347
12/05/2015 0:00,80.71612,80.885925,79.8541176,-0.005379347,-0.005379293,-0.005379347
13/05/2015 0:00,82.28344,80.838036,79.9655696,0.019231565,0.019231541,0.019231565
14/05/2015 0:00,81.58686,80.942522,80.0735402,-0.008501653,-0.008501614,-0.008501653
15/05/2015 0:00,81.06446,80.9599385,80.1640958,-0.006423579,-0.006423734,-0.006423579
18/05/2015 0:00,84.28612,80.9947675,80.2389792,0.038972561,0.03897272,0.038972561
19/05/2015 0:00,85.67928,81.168911,80.3957106,0.016393821,0.016393748,0.016393821
20/05/2015 0:00,84.89557,81.443189,80.5924942,-0.00918911,-0.009189042,-0.00918911
21/05/2015 0:00,84.46029,81.682638,80.7701204,-0.00514043,-0.005140491,-0.00514043
22/05/2015 0:00,84.02492,81.843726,80.9425242,-0.005168062,-0.005168009,-0.005168062
25/05/2015 0:00,84.37316,81.926448,81.0905484,0.00413592,0.004135899,0.00413592
26/05/2015 0:00,84.80854,82.022226,81.2577264,0.005146904,0.005146852,0.005146904
27/05/2015 0:00,84.80854,82.187662,81.433612,0,0,0
28/05/2015 0:00,85.59215,82.418403,81.5990494,0.009197328,0.009197373,0.009197328
29/05/2015 0:00,86.28881,82.692681,81.724433,0.008106352,0.008106321,0.008106352
1/06/2015 0:00,84.7215,83.001792,81.8306626,-0.018330519,-0.018330496,-0.018330519
2/06/2015 0:00,85.15687,83.184644,81.8968386,0.005125678,0.005125627,0.005125678
3/06/2015 0:00,84.46029,83.3892645,81.9752054,-0.008213602,-0.008213565,-0.008213602
4/06/2015 0:00,82.28344,83.5634125,82.0204832,-0.026111611,-0.026111587,-0.026111611
5/06/2015 0:00,82.10927,83.6678985,82.022224,-0.002118951,-0.002118882,-0.002118951
8/06/2015 0:00,82.63177,83.737556,82.0448628,0.00634331,0.006343224,0.00634331
9/06/2015 0:00,81.15149,83.81157,82.0605368,-0.018076576,-0.018076591,-0.018076576
10/06/2015 0:00,83.24122,83.8333385,82.0883998,0.025425003,0.025425011,0.025425003
11/06/2015 0:00,83.41538,83.8812275,82.1563166,0.002090047,0.002090099,0.002090047
12/06/2015 0:00,82.71881,83.9726535,82.2015944,-0.00838568,-0.008385763,-0.00838568
15/06/2015 0:00,81.84807,84.055371,82.2329408,-0.010582301,-0.010582316,-0.010582301
16/06/2015 0:00,82.54464,83.9334685,82.2468724,0.008474514,0.008474598,0.008474514
17/06/2015 0:00,82.1964,83.7767365,82.2677688,-0.004227732,-0.00422771,-0.004227732
18/06/2015 0:00,82.37048,83.641778,82.2799596,0.002115615,0.00211554,0.002115615
19/06/2015 0:00,82.37048,83.5372875,82.3078226,0,0,0
22/06/2015 0:00,84.63437,83.4545655,82.333943,0.027113329,0.027113388,0.027113329
23/06/2015 0:00,84.54733,83.467626,82.4088248,-0.001028953,-0.001029036,-0.001028953
24/06/2015 0:00,84.9827,83.4545655,82.4662934,0.00513621,0.005136277,0.00513621
25/06/2015 0:00,86.20168,83.4632735,82.562073,0.014241961,0.014241954,0.014241961
26/06/2015 0:00,86.37585,83.49375,82.661336,0.002018456,0.00201839,0.002018456
29/06/2015 0:00,84.37316,83.498102,82.7814954,-0.023458781,-0.023458708,-0.023458781
30/06/2015 0:00,84.46029,83.480685,82.8528936,0.001032142,0.00103211,0.001032142
1/07/2015 0:00,85.33094,83.445856,82.938225,0.010255625,0.010255635,0.010255625
2/07/2015 0:00,85.33094,83.4893885,83.042712,0,0,0
3/07/2015 0:00,84.7215,83.6417635,83.1245602,-0.007167702,-0.007167696,-0.007167702
6/07/2015 0:00,83.85076,83.772375,83.1715806,-0.010330854,-0.010330869,-0.010330854
7/07/2015 0:00,84.7215,83.8333245,83.1994438,0.010330854,0.010330869,0.010330854
8/07/2015 0:00,82.28344,84.011825,83.2638774,-0.029199534,-0.029199525,-0.029199534
9/07/2015 0:00,81.32566,83.963936,83.3056718,-0.011708284,-0.011708262,-0.011708284
10/07/2015 0:00,81.32566,83.85945,83.3300532,0,0,0
13/07/2015 0:00,83.76363,83.7897925,83.3544346,0.029537316,0.029537301,0.029537316
14/07/2015 0:00,82.4576,83.8855705,83.408418,-0.015714682,-0.015714638,-0.015714682
15/07/2015 0:00,83.32835,83.8812185,83.4362808,0.010504606,0.010504499,0.010504606
16/07/2015 0:00,83.58955,83.937816,83.4833012,0.003129685,0.0031297,0.003129685
17/07/2015 0:00,82.80585,83.9987695,83.5512178,-0.009419801,-0.009419732,-0.009419801
20/07/2015 0:00,82.80585,84.020538,83.5930124,0,0,0
21/07/2015 0:00,83.85076,83.929112,83.6260996,0.012539841,0.012539787,0.012539841
22/07/2015 0:00,82.54464,83.8942835,83.6887924,-0.015699314,-0.015699276,-0.015699314
23/07/2015 0:00,78.80056,83.7723805,83.6940164,-0.046419134,-0.046419205,-0.046419134
24/07/2015 0:00,78.80056,83.4023245,83.6382904,0,0,0
27/07/2015 0:00,78.45223,83.02356,83.5930124,-0.004430199,0,0.004430199
28/07/2015 0:00,78.36519,82.7275135,83.4763346,-0.001110081,0,0.001110081
29/07/2015 0:00,79.6713,82.4227585,83.3300528,0.016529597,0,-0.016529597
30/07/2015 0:00,79.14881,82.1397765,83.2255674,-0.006579669,0,0.006579669
31/07/2015 0:00,78.97473,81.83067,83.1193378,-0.002201824,0,0.002201824
3/08/2015 0:00,77.66862,81.5433315,83.018334,-0.016676613,0,0.016676613
4/08/2015 0:00,77.92982,81.2342245,82.8842432,0.003357363,0,-0.003357363
5/08/2015 0:00,77.49445,80.8946405,82.7466688,-0.005602357,0,0.005602357
6/08/2015 0:00,77.05908,80.655191,82.600387,-0.005633921,0,0.005633921
7/08/2015 0:00,77.05908,80.441862,82.4297256,0,0,0
10/08/2015 0:00,77.05908,80.228533,82.245131,0,0,0
11/08/2015 0:00,77.05908,79.8933055,82.0918826,0,0,0
12/08/2015 0:00,75.31769,79.6233795,81.9299268,-0.022857366,0,0.022857366
13/08/2015 0:00,76.1013,79.2228465,81.7470748,0.010350313,0,-0.010350313
14/08/2015 0:00,77.23324,78.848434,81.623432,0.014764587,0,-0.014764587
17/08/2015 0:00,76.79788,78.5698035,81.5259114,-0.005652899,0,0.005652899
18/08/2015 0:00,76.88491,78.269405,81.4092336,0.001132593,0,-0.001132593
19/08/2015 0:00,76.71084,77.9211125,81.323902,-0.0022666,0,0.0022666
20/08/2015 0:00,72.47743,77.6294225,81.1932944,-0.056767825,0,0.056767825
21/08/2015 0:00,70.90185,77.313266,80.9745354,-0.021978677,0,0.021978677
24/08/2015 0:00,67.66773,76.9183305,80.7381962,-0.046687122,0,0.046687122
25/08/2015 0:00,70.48722,76.3791055,80.4545894,0.040822012,0,-0.040822012
26/08/2015 0:00,69.2433,75.985207,80.213441,-0.017805027,0,0.017805027
27/08/2015 0:00,70.15548,75.463807,79.954379,0.013087532,0,-0.013087532
28/08/2015 0:00,73.47258,75.0141405,79.710079,0.046198354,0,-0.046198354
31/08/2015 0:00,76.70663,74.739033,79.532121,0.04307587,0,-0.04307587
1/09/2015 0:00,74.46765,74.6909335,79.3735662,-0.029623342,0,0.029623342
2/09/2015 0:00,75.13105,74.517825,79.1719726,0.008869119,0,-0.008869119
3/09/2015 0:00,80.06458,74.399655,78.9749396,0.063599637,0,-0.063599637
4/09/2015 0:00,79.20572,74.54993,78.8521976,-0.010785041,0,0.010785041
7/09/2015 0:00,79.11029,74.657262,78.708795,-0.001205564,0,0.001205564
8/09/2015 0:00,79.01486,74.7598225,78.6035376,-0.001207019,0,0.001207019
9/09/2015 0:00,81.59143,74.8576115,78.494629,0.032088296,0,-0.032088296
10/09/2015 0:00,80.73257,75.1712985,78.4198388,-0.010582145,0,0.010582145
11/09/2015 0:00,80.828,75.402862,78.3278714,0.001181353,0,-0.001181353
14/09/2015 0:00,81.20972,75.5826,78.2500014,0.004711504,0,-0.004711504
15/09/2015 0:00,80.828,75.803192,78.1971806,-0.004711504,0,0.004711504
16/09/2015 0:00,81.11429,76.0003465,78.1193106,0.003535708,0,-0.003535708
17/09/2015 0:00,81.59143,76.220519,78.0959276,0.005865084,0,-0.005865084
18/09/2015 0:00,81.59143,76.676219,78.101243,0,0,0
21/09/2015 0:00,80.35086,77.210698,78.1065584,-0.015321437,0,0.015321437
22/09/2015 0:00,81.20972,77.8448545,78.038303,0.010632149,0,-0.010632149
23/09/2015 0:00,80.25543,78.3809795,78.0133454,-0.011820521,-0.011820416,-0.011820521
24/09/2015 0:00,79.77829,78.931586,77.951887,-0.005963011,-0.005963083,-0.005963011
25/09/2015 0:00,80.44629,79.4127265,77.8756618,0.008338344,0.00833847,0.008338344
28/09/2015 0:00,80.44629,79.761412,77.8284706,0,0,0
29/09/2015 0:00,80.44629,79.948395,77.7812794,0,0,0
30/09/2015 0:00,81.68686,80.247327,77.71319,0.0153034,0.015303312,0.0153034
1/10/2015 0:00,81.97315,80.5751175,77.6960344,0.003498598,0.003498616,0.003498598
2/10/2015 0:00,81.78229,80.670546,77.7594862,-0.002331038,-0.002331091,-0.002331038
5/10/2015 0:00,82.06858,80.7993745,77.8191208,0.003494523,0.003494541,0.003494523
6/10/2015 0:00,82.45029,80.947289,77.8914478,0.004640327,0.00464031,0.004640327
7/10/2015 0:00,82.92743,81.1190605,77.9731498,0.005770322,0.005770391,0.005770322
8/10/2015 0:00,82.73657,81.1858605,78.0382724,-0.002304183,-0.002304235,-0.002304183
9/10/2015 0:00,82.73657,81.2860605,78.1100276,0,0,0
12/10/2015 0:00,84.07257,81.381489,78.1852644,0.016018649,0.01601877,0.016018649
13/10/2015 0:00,83.5,81.5246315,78.3133434,-0.006833723,-0.006833757,-0.006833723
14/10/2015 0:00,82.164,81.6582315,78.424747,-0.016129382,-0.016129382,-0.016129382
15/10/2015 0:00,82.73657,81.710717,78.518138,0.006944455,0.006944368,0.006944455
16/10/2015 0:00,83.78629,81.767974,78.6316878,0.012607685,0.012607789,0.012607685
19/10/2015 0:00,83.69086,81.877717,78.766232,-0.001139618,-0.001139704,-0.001139618
20/10/2015 0:00,83.11829,82.044717,78.8988676,-0.006864998,-0.006865033,-0.006864998
21/10/2015 0:00,82.45029,82.1401455,79.0200518,-0.008069208,-0.008069208,-0.008069208
22/10/2015 0:00,82.64115,82.2498885,79.1627038,0.002312174,0.002312105,0.002312174
23/10/2015 0:00,83.40458,82.3930315,79.2935008,0.009195483,0.009195571,0.009195483
26/10/2015 0:00,84.64514,82.540946,79.4169276,0.01476447,0.014764505,0.01476447
27/10/2015 0:00,84.54972,82.7508885,79.5738728,-0.00112793,-0.001128015,-0.00112793
28/10/2015 0:00,83.97715,82.95606,79.727169,-0.006795026,-0.006794941,-0.006795026
29/10/2015 0:00,82.83201,83.0705745,79.8724952,-0.013730157,-0.013730227,-0.013730157
30/10/2015 0:00,82.64115,83.1135175,80.0795868,-0.00230684,-0.002306893,-0.00230684
2/11/2015 0:00,83.40458,83.1564605,80.3143728,0.009195483,0.009195571,0.009195483
3/11/2015 0:00,83.78629,83.2232605,80.6291098,0.004566166,0.004566269,0.004566166
4/11/2015 0:00,84.64514,83.2900605,80.8950912,0.010198304,0.010198235,0.010198304
5/11/2015 0:00,84.168,83.375946,81.203128,-0.005652893,-0.005652842,-0.005652893
6/11/2015 0:00,82.64115,83.4475175,81.4833784,-0.018307061,-0.018307234,-0.018307061
9/11/2015 0:00,82.06858,83.4427465,81.6667498,-0.006952501,-0.006952415,-0.006952501
10/11/2015 0:00,80.63715,83.342547,81.7739888,-0.017595778,-0.017595744,-0.017595778
11/11/2015 0:00,79.58743,83.1994045,81.8973788,-0.013103296,-0.013103279,-0.013103296
12/11/2015 0:00,80.06458,83.070576,81.9865064,0.005977393,0.00597734,0.005977393
13/11/2015 0:00,79.77829,82.9369765,81.9865064,-0.003582147,-0.003582165,-0.003582147
16/11/2015 0:00,79.01486,82.7365765,81.9979578,-0.009615476,-0.009615441,-0.009615476
17/11/2015 0:00,81.11429,82.5027765,81.9960492,0.026223212,0.026223178,0.026223212
18/11/2015 0:00,80.92344,82.4025765,82.0380378,-0.002355625,-0.002355678,-0.002355625
19/11/2015 0:00,81.59143,82.326234,82.024678,0.008220709,0.008220833,0.008220709
20/11/2015 0:00,82.06858,82.273748,82.0418552,0.005831007,0.005830955,0.005831007
23/11/2015 0:00,81.59143,82.206948,82.0666668,-0.005831007,-0.005830955,-0.005831007
24/11/2015 0:00,80.44629,82.0542625,82.074301,-0.014134475,0,0.014134475
25/11/2015 0:00,80.44629,81.849091,82.0666668,0,0,0
26/11/2015 0:00,81.49601,81.672548,82.0533068,0.012964305,0,-0.012964305
27/11/2015 0:00,81.11429,81.605748,82.0513984,-0.004694914,0,0.004694914
30/11/2015 0:00,80.16,81.529405,82.0418556,-0.01183451,0,0.01183451
1/12/2015 0:00,82.06858,81.367176,82.0380384,0.023530602,0,-0.023530602
2/12/2015 0:00,81.78229,81.2812905,82.0552156,-0.003494523,0,0.003494523
3/12/2015 0:00,80.828,81.138148,82.0857528,-0.011737276,0,0.011737276
4/12/2015 0:00,80.35086,80.971148,82.106747,-0.005920645,0,0.005920645
7/12/2015 0:00,80.828,80.8566335,82.1048384,0.005920645,0,-0.005920645
8/12/2015 0:00,80.06458,80.7946045,82.1124726,-0.009489881,0,0.009489881
9/12/2015 0:00,79.49201,80.765976,82.1048384,-0.007177046,0,0.007177046
10/12/2015 0:00,79.11029,80.761205,82.0609414,-0.004813559,0,0.004813559
11/12/2015 0:00,79.30115,80.7134905,82.0036842,0.002409676,0,-0.002409676
14/12/2015 0:00,77.10629,80.6896335,81.9540614,-0.028067771,0,0.028067771
15/12/2015 0:00,76.34286,80.594205,81.8548156,-0.009950349,0,0.009950349
16/12/2015 0:00,76.53372,80.3556335,81.732667,0.002496917,0,-0.002496917
17/12/2015 0:00,78.63315,80.1361475,81.6047928,0.027061938,0,-0.027061938
18/12/2015 0:00,77.488,79.9882335,81.5227244,-0.014670281,0,0.014670281
21/12/2015 0:00,77.67886,79.7592045,81.417753,0.002460063,0,-0.002460063
22/12/2015 0:00,77.01086,79.563576,81.2898788,-0.008636697,0,0.008636697
23/12/2015 0:00,77.58344,79.3918045,81.160096,0.007407551,0,-0.007407551
24/12/2015 0:00,77.86972,79.248662,81.0684848,0.003683171,0,-0.003683171
25/12/2015 0:00,77.86972,79.0673475,80.9711478,0,0,0
28/12/2015 0:00,77.29715,78.905119,80.8528164,-0.007380088,0,0.007380088
29/12/2015 0:00,77.01086,78.7619765,80.7249422,-0.003710635,0,0.003710635
30/12/2015 0:00,77.20172,78.5090905,80.6027936,0.002475286,0,-0.002475286
31/12/2015 0:00,77.10629,78.280062,80.4978222,-0.001236877,0,0.001236877
1/01/2016 0:00,77.10629,78.0939765,80.387125,0,0,0
4/01/2016 0:00,75.38858,77.931748,80.2611592,-0.022529055,0,0.022529055
5/01/2016 0:00,75.484,77.659777,80.076028,0.001264909,0,-0.001264909
6/01/2016 0:00,75.38858,77.430748,79.8947136,-0.001264909,0,0.001264909
7/01/2016 0:00,74.72058,77.2255765,79.7229422,-0.008900248,0,0.008900248
8/01/2016 0:00,74.43429,77.006091,79.5607136,-0.003838833,0,0.003838833
11/01/2016 0:00,71.95315,76.762748,79.3965764,-0.03390151,0,0.03390151
12/01/2016 0:00,72.81201,76.505091,79.1675478,0.011865701,0,-0.011865701
13/01/2016 0:00,73.09829,76.3285485,78.9480622,0.00392406,0,-0.00392406
14/01/2016 0:00,72.52572,76.156777,78.7171252,-0.007863716,0,0.007863716
15/01/2016 0:00,71.85772,75.8514055,78.4842796,-0.009253205,0,0.009253205
18/01/2016 0:00,71.476,75.5698915,78.268611,-0.005326324,0,0.005326324
19/01/2016 0:00,71.85772,75.2597485,78.0567594,0.005326324,0,-0.005326324
20/01/2016 0:00,69.75829,75.0020915,77.8811708,-0.029651786,0,0.029651786
21/01/2016 0:00,69.37657,74.610834,77.684588,-0.005487064,0,0.005487064
22/01/2016 0:00,71.38058,74.1861765,77.4708278,0.028476641,0,-0.028476641
25/01/2016 0:00,72.52572,73.8617195,77.3028736,0.015915414,0,-0.015915414
26/01/2016 0:00,72.04857,73.623148,77.1730908,-0.006600783,0,0.006600783
27/01/2016 0:00,71.85772,73.3750335,76.9917764,-0.002652422,0,0.002652422
28/01/2016 0:00,71.66686,73.1078335,76.810462,-0.002659616,0,0.002659616
29/01/2016 0:00,74.24344,72.835862,76.6119706,0.035320986,0,-0.035320986
1/02/2016 0:00,75.86572,72.6927195,76.4554678,0.021615512,0,-0.021615512
2/02/2016 0:00,74.81601,72.7165765,76.3409536,-0.013933036,0,0.013933036
3/02/2016 0:00,73.09829,72.683177,76.228348,-0.023226926,0,0.023226926
4/02/2016 0:00,73.09829,72.5686625,76.081388,0,0,0
8/02/2016 0:00,73.09829,72.487548,75.9134336,0,0,0
9/02/2016 0:00,73.09829,72.420748,75.7531136,0,0,0
10/02/2016 0:00,73.09829,72.478005,75.6118794,0,0,0
11/02/2016 0:00,73.09829,72.492319,75.4324736,0,0,0
12/02/2016 0:00,73.09829,72.492319,75.2587936,0,0,0
15/02/2016 0:00,71.28514,72.5209475,75.1041994,-0.025117083,0,0.025117083
16/02/2016 0:00,73.09829,72.4923185,74.922885,0.025117083,0,-0.025117083
17/02/2016 0:00,73.19371,72.573433,74.7682908,0.001304514,0,-0.001304514
18/02/2016 0:00,74.148,72.6402325,74.6308734,0.012953608,0,-0.012953608
19/02/2016 0:00,73.19371,72.859718,74.5239932,-0.012953608,0,0.012953608
22/02/2016 0:00,73.19371,73.050575,74.4056616,0,0,0
23/02/2016 0:00,73.48,73.1412315,74.2835128,0.003903772,0,-0.003903772
24/02/2016 0:00,73.00286,73.1889455,74.210987,-0.006514642,0,0.006514642
25/02/2016 0:00,74.91143,73.23666,74.144187,0.025807864,0,-0.025807864
26/02/2016 0:00,74.43429,73.3893455,74.1117412,-0.00638976,0,0.00638976
29/02/2016 0:00,74.43429,73.527717,74.027764,0,0,0
1/03/2016 0:00,74.148,73.5372595,73.9666898,-0.003853627,0,0.003853627
2/03/2016 0:00,75.86572,73.4513735,73.8960726,0.02290184,0,-0.02290184
3/03/2016 0:00,76.82,73.503859,73.8731698,0.012500087,0,-0.012500087
4/03/2016 0:00,79.11029,73.6899445,73.857901,0.029377932,0,-0.029377932
7/03/2016 0:00,77.86972,73.9905445,73.8827124,-0.015805781,-0.015805819,-0.015805781
8/03/2016 0:00,79.20572,74.229116,73.8827124,0.017011345,0.017011347,0.017011345
9/03/2016 0:00,79.01486,74.5344875,73.9208838,-0.002412582,-0.00241251,-0.002412582
10/03/2016 0:00,79.20572,74.830316,73.9609638,0.002412582,0.00241251,0.002412582
11/03/2016 0:00,79.39657,75.1356875,74.0010438,0.00240665,0.002406704,0.00240665
14/03/2016 0:00,80.16,75.4506015,74.0468494,0.009569469,0.009569559,0.009569469
15/03/2016 0:00,78.53772,75.8943445,74.1079236,-0.020445618,-0.020445636,-0.020445618
16/03/2016 0:00,79.20572,76.166316,74.1709064,0.008469499,0.008469373,0.008469499
17/03/2016 0:00,78.72858,76.4669165,74.2453408,-0.006042278,-0.006042224,-0.006042278
18/03/2016 0:00,80.16,76.6959455,74.3121408,0.018018397,0.018018487,0.018018397
21/03/2016 0:00,80.63715,77.04426,74.4209292,0.005934824,0.005934771,0.005934824
22/03/2016 0:00,80.44629,77.416432,74.5449864,-0.002369705,-0.002369634,-0.002369705
23/03/2016 0:00,80.35086,77.7647465,74.7148492,-0.001186961,-0.001187051,-0.001186961
24/03/2016 0:00,80.63715,78.1321465,74.8656262,0.003556666,0.003556684,0.003556666
25/03/2016 0:00,79.96915,78.4184325,75.0164034,-0.008318526,-0.008318527,-0.008318526
28/03/2016 0:00,80.63715,78.6951755,75.165272,0.008318526,0.008318527,0.008318526
29/03/2016 0:00,79.87372,79.0053185,75.3408606,-0.009512574,-0.009512664,-0.009512574
30/03/2016 0:00,79.87372,79.2916045,75.508815,0,0,0
31/03/2016 0:00,80.92344,79.4920045,75.669135,0.013056635,0.013056619,0.013056635
1/04/2016 0:00,79.20572,79.6971765,75.892438,-0.021455004,-0.02145499,-0.021455004
4/04/2016 0:00,79.20572,79.701948,76.089021,0,0,0
5/04/2016 0:00,79.20572,79.768748,76.2455238,0,0,0
6/04/2016 0:00,77.488,79.768748,76.3791238,-0.021925433,-0.021925288,-0.021925433
7/04/2016 0:00,77.77429,79.692405,76.4879124,0.003687828,0.003687718,0.003687828
8/04/2016 0:00,78.15601,79.6208335,76.6062438,0.004896043,0.004896026,0.004896043
11/04/2016 0:00,77.488,79.5588055,76.7360268,-0.008583872,-0.008583744,-0.008583872
12/04/2016 0:00,78.25143,79.4252055,76.800918,0.009804018,0.009803982,0.009804018
13/04/2016 0:00,79.87372,79.410891,76.8486322,0.020519784,0.020519677,0.020519784
14/04/2016 0:00,78.63315,79.444291,76.9497864,-0.015653521,-0.015653432,-0.015653521
15/04/2016 0:00,79.11029,79.4395195,77.0604836,0.006049589,0.006049534,0.006049589
18/04/2016 0:00,78.824,79.387034,77.1807236,-0.003625436,-0.003625327,-0.003625436
19/04/2016 0:00,77.77429,79.2963765,77.2952378,-0.013406605,-0.013406716,-0.013406605
20/04/2016 0:00,75.57943,79.1627765,77.3887578,-0.028626758,-0.028626685,-0.028626758
21/04/2016 0:00,76.62915,78.924205,77.4383806,0.013793396,0.013793379,0.013793396
22/04/2016 0:00,77.29715,78.723805,77.5089978,0.008679533,0.008679533,0.008679533
25/04/2016 0:00,76.62915,78.590205,77.592975,-0.008679533,-0.008679533,-0.008679533
26/04/2016 0:00,76.53372,78.389805,77.6998552,-0.001246125,-0.001246219,-0.001246125
27/04/2016 0:00,75.86572,78.222805,77.7685638,-0.008766493,-0.008766494,-0.008766493
28/04/2016 0:00,75.00686,78.022405,77.822004,-0.011385359,-0.011385285,-0.011385359
29/04/2016 0:00,73.57543,77.726576,77.8391812,-0.019268438,0,0.019268438
2/05/2016 0:00,73.57543,77.4450615,77.8468156,0,0,0
3/05/2016 0:00,72.144,77.163547,77.85445,-0.019647017,0,0.019647017
4/05/2016 0:00,72.23943,76.810461,77.82773,0.001321897,0,-0.001321897
5/05/2016 0:00,71.95315,76.5480325,77.8124614,-0.003970806,0,0.003970806
6/05/2016 0:00,70.42629,76.2569755,77.7532958,-0.021448582,0,0.021448582
9/05/2016 0:00,69.28114,75.8704895,77.6731358,-0.016393912,0,0.016393912
10/05/2016 0:00,71.38058,75.4601465,77.5700728,0.029853124,0,-0.029853124
11/05/2016 0:00,70.61715,75.116604,77.5147244,-0.010752811,0,0.010752811
12/05/2016 0:00,69.94915,74.6537755,77.409753,-0.009504483,0,0.009504483
13/05/2016 0:00,70.99886,74.2195755,77.272336,0.014895271,0,-0.014895271
16/05/2016 0:00,70.61715,73.814004,77.1101074,-0.005390788,0,0.005390788
17/05/2016 0:00,70.90343,73.4036615,76.965056,0.004045778,0,-0.004045778
18/05/2016 0:00,70.99886,73.0601185,76.7990102,0.00134501,0,-0.00134501
19/05/2016 0:00,70.808,72.83109,76.6386902,-0.002691832,0,0.002691832
20/05/2016 0:00,70.61715,72.5400325,76.4707358,-0.002698956,0,0.002698956
23/05/2016 0:00,73.86172,72.2060325,76.2951474,0.044921664,0,-0.044921664
24/05/2016 0:00,72.90743,72.067661,76.1691818,-0.013004142,0,0.013004142
25/05/2016 0:00,74.81601,71.8863465,76.056576,0.025841345,0,-0.025841345
26/05/2016 0:00,74.52972,71.833861,75.9687818,-0.003833928,0,0.003833928
27/05/2016 0:00,74.81601,71.810004,75.8848046,0.003833928,0,-0.003833928
30/05/2016 0:00,75.86572,71.872033,75.7779248,0.013933036,0,-0.013933036
31/05/2016 0:00,76.43829,71.9865475,75.6824962,0.007518813,0,-0.007518813
1/06/2016 0:00,76.91543,72.201262,75.6023362,0.006222758,0,-0.006222758
2/06/2016 0:00,75.67486,72.435062,75.5336276,-0.016260502,0,0.016260502
3/06/2016 0:00,76.34286,72.6211475,75.4343818,0.008788506,0,-0.008788506
6/06/2016 0:00,76.53372,72.916976,75.361856,0.002496917,0,-0.002496917
7/06/2016 0:00,77.39257,73.279605,75.2797874,0.011159353,0,-0.011159353
8/06/2016 0:00,77.58344,73.5802045,75.2301644,0.002463221,0,-0.002463221
9/06/2016 0:00,77.58344,73.928519,75.1843588,0,0,0
10/06/2016 0:00,77.58344,74.3102335,75.1175588,0,0,0
13/06/2016 0:00,75.00686,74.6394625,75.0851132,-0.033774426,0,0.033774426
14/06/2016 0:00,76.24743,74.858948,75.001136,0.016404134,0,-0.016404134
15/06/2016 0:00,76.53372,75.126148,74.9419702,0.003747718,0.003747606,0.003747718
16/06/2016 0:00,75.19772,75.402891,74.9228846,-0.017610517,-0.017610386,-0.017610517
17/06/2016 0:00,75.67486,75.622377,74.8713532,0.006325094,0.006325037,0.006325094
20/06/2016 0:00,76.82,75.8752625,74.8217302,0.015019018,0.015019094,0.015019018
21/06/2016 0:00,77.01086,76.0231765,74.8083702,0.002481428,0.002481354,0.002481428
22/06/2016 0:00,77.77429,76.228348,74.7835588,0.009864463,0.009864427,0.009864463
23/06/2016 0:00,79.11029,76.376262,74.7415702,0.017032041,0.017032043,0.017032041
24/06/2016 0:00,77.77429,76.6052905,74.751113,-0.017032041,-0.017032043,-0.017032041
27/06/2016 0:00,78.25143,76.7532045,74.724393,0.00611619,0.006116264,0.00611619
28/06/2016 0:00,78.72858,76.87249,74.7129416,0.006079137,0.006079083,0.006079137
29/06/2016 0:00,78.72858,76.9870045,74.7320274,0,0,0
30/06/2016 0:00,78.72858,77.077662,74.7950104,0,0,0
1/07/2016 0:00,78.91943,77.230348,74.836999,0.002421218,0.002421272,0.002421218
4/07/2016 0:00,79.49201,77.3591765,74.8694446,0.007229055,0.007228965,0.007229055
5/07/2016 0:00,79.20572,77.507091,74.9267018,-0.003607995,-0.003608014,-0.003607995
6/07/2016 0:00,77.77429,77.5977485,74.9801418,-0.018237605,-0.01823757,-0.018237605
7/07/2016 0:00,78.34686,77.607291,75.0183132,0.007334978,0.007335015,0.007334978
11/07/2016 0:00,78.72858,77.645462,75.0851132,0.004860349,0.004860332,0.004860349
12/07/2016 0:00,79.49201,77.702719,75.1881762,0.009650273,0.009650238,0.009650273
13/07/2016 0:00,79.68286,77.9269765,75.3065078,0.002397993,0.002398047,0.002397993
14/07/2016 0:00,79.68286,78.098748,75.457285,0,0,0
15/07/2016 0:00,80.63715,78.256205,75.6061536,0.011904955,0.011904974,0.011904955
18/07/2016 0:00,82.06858,78.5281765,75.7798336,0.017595778,0.017595744,0.017595778
19/07/2016 0:00,82.25943,78.8478625,76.0126794,0.002322794,0.002322846,0.002322794
20/07/2016 0:00,82.06858,79.119834,76.2722452,-0.002322794,-0.002322846,-0.002322794
21/07/2016 0:00,83.40458,79.37272,76.4860052,0.016147985,0.016147986,0.016147985
22/07/2016 0:00,83.59543,79.6542345,76.7417538,0.00228563,0.002285681,0.00228563
25/07/2016 0:00,83.59543,79.8784915,77.0146794,0,0,0
26/07/2016 0:00,83.78629,80.1695485,77.2666108,0.002280537,0.002280588,0.002280537
27/07/2016 0:00,84.93143,80.4462915,77.5299936,0.013574835,0.013574784,0.013574835
28/07/2016 0:00,84.93143,80.756434,77.8105536,0,0,0
29/07/2016 0:00,83.88172,81.0665765,78.089205,-0.012436514,-0.012436497,-0.012436514
1/08/2016 0:00,84.74058,81.3242335,78.3506794,0.010186878,0.010186811,0.010186878
2/08/2016 0:00,84.45429,81.615291,78.633148,-0.003384148,-0.003384166,-0.003384148
3/08/2016 0:00,83.5,81.863405,78.8449994,-0.011363809,-0.011363708,-0.011363809
4/08/2016 0:00,83.97715,82.078119,79.0568508,0.005698106,0.005698055,0.005698106
5/08/2016 0:00,84.35886,82.388262,79.2400736,0.004535104,0.004535087,0.004535104
8/08/2016 0:00,85.88572,82.688862,79.4366564,0.017937733,0.017937668,0.017937733
9/08/2016 0:00,85.79029,83.046719,79.6580506,-0.001111745,-0.001111712,-0.001111745
10/08/2016 0:00,85.88572,83.361633,79.856542,0.001111745,0.001111712,0.001111745
11/08/2016 0:00,85.40858,83.671776,80.0454906,-0.005571011,-0.005570961,-0.005571011
12/08/2016 0:00,82.25943,83.958062,80.2153536,-0.037568531,-0.037568482,-0.037568531
15/08/2016 0:00,83.21372,84.039176,80.347045,0.011534205,0.011534102,0.011534205
16/08/2016 0:00,74.7813,84.096433,80.4844622,-0.106844384,-0.10684433,-0.106844384
17/08/2016 0:00,73.74026,83.7225265,80.4494138,-0.014018935,-0.014018896,-0.014018935
18/08/2016 0:00,74.34753,83.3061105,80.3763676,0.008201532,0.00820152,0.008201532
19/08/2016 0:00,74.00052,82.853258,80.3116494,-0.004678331,-0.004678227,-0.004678331
22/08/2016 0:00,74.08728,82.3735125,80.239991,0.001171737,0.001171542,0.001171737
23/08/2016 0:00,74.43429,81.898105,80.1700678,0.004672865,0.004672897,0.004672865
24/08/2016 0:00,75.47533,81.430505,80.1586164,0.013889125,0.013889087,0.013889125
25/08/2016 0:00,76.60312,80.9577,80.1431744,0.014831959,0.014832126,0.014831959
26/08/2016 0:00,76.77663,80.5412845,80.1445624,0.00226249,0.002262375,0.00226249
29/08/2016 0:00,77.64416,80.18603,80.1761406,0.011236041,0.011235988,0.011236041
30/08/2016 0:00,77.29714,79.831209,80.2155266,-0.004479381,0,0.004479381
31/08/2016 0:00,76.34286,79.4733515,80.2250694,-0.012422446,0,0.012422446
1/09/2016 0:00,75.90909,79.1154945,80.2117094,-0.005698071,0,0.005698071
2/09/2016 0:00,77.2,78.7120915,80.1744054,0.016863017,0,-0.016863017
5/09/2016 0:00,78.3,78.3541485,80.1361996,0.014148146,0,-0.014148146
6/09/2016 0:00,79.7,77.9748625,80.1467138,0.017721983,0,-0.017721983
7/09/2016 0:00,79.6,77.670348,80.1756852,-0.001255493,0,0.001255493
8/09/2016 0:00,78.6,77.356062,80.1931136,-0.012642393,0,0.012642393
9/09/2016 0:00,77.7,77.015633,80.190542,-0.011516442,0,0.011516442
12/09/2016 0:00,77.7,76.7876615,80.1699704,0,0,0
13/09/2016 0:00,77.3,76.5119755,80.1455818,-0.005161302,0,0.005161302
14/09/2016 0:00,77.7,76.6379105,80.1017416,0.005161302,0,-0.005161302
15/09/2016 0:00,77.7,76.8358975,80.0716272,0,0,0
16/09/2016 0:00,77.7,77.003521,80.0701414,0,0,0
19/09/2016 0:00,80.5,77.188495,80.0572042,0.035401927,0,-0.035401927
20/09/2016 0:00,80.2,77.509131,80.0926326,-0.00373367,0,0.00373367
21/09/2016 0:00,80,77.7974165,80.1067924,-0.00249688,0,0.00249688
22/09/2016 0:00,79.7,78.02365,80.1131352,-0.003757049,0,0.003757049
23/09/2016 0:00,79.8,78.178494,80.113478,0.001253919,0,-0.001253919
26/09/2016 0:00,79,78.3296625,80.096735,-0.010075652,0,0.010075652
27/09/2016 0:00,79,78.3974545,80.0353634,0,0,0
28/09/2016 0:00,79,78.4825975,79.9701748,0,0,0
29/09/2016 0:00,79.9,78.6154545,79.9088032,0.011328,0,-0.011328
30/09/2016 0:00,79.2,78.815,79.8387116,-0.008799554,0,0.008799554
3/10/2016 0:00,79.2,78.915,79.750803,0,0,0
4/10/2016 0:00,79.5,78.96,79.6628944,0.003780723,0,-0.003780723
5/10/2016 0:00,79.6,78.95,79.5771686,0.001257071,0,-0.001257071
6/10/2016 0:00,80.2,78.95,79.47054,0.007509422,0,-0.007509422
7/10/2016 0:00,80,79.03,79.3759114,-0.00249688,0,0.00249688
10/10/2016 0:00,80,79.145,79.298277,0,0,0
11/10/2016 0:00,81.1,79.26,79.2034654,0.013656326,0.013656326,0.013656326
12/10/2016 0:00,81.6,79.45,79.1363796,0.006146301,0.006146301,0.006146301
13/10/2016 0:00,81.8,79.645,79.0983796,0.002447982,0.002447982,0.002447982
14/10/2016 0:00,81.2,79.85,79.0548366,-0.007361996,-0.007361996,-0.007361996
17/10/2016 0:00,81.9,80.025,78.9916594,0.008583744,0.008583744,0.008583744
18/10/2016 0:00,82.1,80.095,78.911945,0.002439026,0.002439026,0.002439026
19/10/2016 0:00,82.4,80.19,78.8381392,0.00364742,0.00364742,0.00364742
20/10/2016 0:00,83.5,80.31,78.7684248,0.013261195,0.013261195,0.013261195
21/10/2016 0:00,84.3,80.5,78.7302532,0.009535233,0.009535233,0.009535233
24/10/2016 0:00,84.2,80.725,78.7710646,-0.001186944,-0.001186944,-0.001186944
25/10/2016 0:00,85.7,80.985,78.7907902,0.017657904,0.017657904,0.017657904
26/10/2016 0:00,85.6,81.32,79.0091642,-0.001167542,-0.001167542,-0.001167542
27/10/2016 0:00,85.4,81.65,79.246359,-0.002339182,-0.002339182,-0.002339182
28/10/2016 0:00,84.8,81.925,79.4674084,-0.007050558,-0.007050558,-0.007050558
31/10/2016 0:00,85.3,82.205,79.683398,0.005878912,0.005878912,0.005878912
1/11/2016 0:00,84.6,82.51,79.9076524,-0.008240188,-0.008240188,-0.008240188
2/11/2016 0:00,82.6,82.765,80.1109666,-0.023924586,-0.023924586,-0.023924586
3/11/2016 0:00,81.7,82.915,80.25346,-0.010955679,-0.010955679,-0.010955679
4/11/2016 0:00,82,82.99,80.3553976,0.003665245,0.003665245,0.003665245
7/11/2016 0:00,83.5,83.09,80.459865,0.018127385,0.018127385,0.018127385
8/11/2016 0:00,83,83.265,80.5769818,-0.006006024,-0.006006024,-0.006006024
9/11/2016 0:00,80.4,83.36,80.691039,-0.031826432,-0.031826432,-0.031826432
10/11/2016 0:00,81.5,83.3,80.7721818,0.013588844,0.013588844,0.013588844
11/11/2016 0:00,79,83.285,80.884,-0.031155168,-0.031155168,-0.031155168
14/11/2016 0:00,79,83.175,80.92,0,0,0
15/11/2016 0:00,79,83.03,80.934,0,0,0
16/11/2016 0:00,79,82.875,80.92,0,0,0
17/11/2016 0:00,80.6,82.705,80.908,0.020050797,0.020050797,0.020050797
18/11/2016 0:00,80.9,82.56,80.948,0.003715175,0.003715175,0.003715175
21/11/2016 0:00,80.9,82.39,81.012,0,0,0
22/11/2016 0:00,81.2,82.225,81.076,0.003701423,0.003701423,0.003701423
23/11/2016 0:00,82,82,81.154,0.009804,0.009804,0.009804
24/11/2016 0:00,81.1,81.82,81.24,-0.011036286,-0.011036286,-0.011036286
25/11/2016 0:00,80.5,81.605,81.308,-0.007425777,-0.007425777,-0.007425777
28/11/2016 0:00,81.3,81.39,81.364,0.009888832,0.009888832,0.009888832
29/11/2016 0:00,82,81.19,81.38,0.008573231,0,-0.008573231
30/11/2016 0:00,82,81.06,81.416,0,0,0
1/12/2016 0:00,82.4,81.03,81.456,0.00486619,0,-0.00486619
2/12/2016 0:00,81.7,81.065,81.51,-0.008531435,0,0.008531435
5/12/2016 0:00,81.3,81.05,81.548,-0.004907985,0,0.004907985
6/12/2016 0:00,82.3,80.94,81.594,0.012225091,0,-0.012225091
7/12/2016 0:00,83.1,80.905,81.66,0.009673594,0,-0.009673594
8/12/2016 0:00,84.8,81.04,81.742,0.020250841,0,-0.020250841
9/12/2016 0:00,85,81.205,81.84,0.002355714,0,-0.002355714
12/12/2016 0:00,83.4,81.505,81.956,-0.019002947,0,0.019002947
13/12/2016 0:00,84.4,81.725,82.04,0.011919092,0,-0.011919092
14/12/2016 0:00,83.7,81.995,82.138,-0.008328424,0,0.008328424
15/12/2016 0:00,84.2,82.23,82.22,0.005955944,0.005955944,0.005955944
16/12/2016 0:00,83.6,82.41,82.3,-0.007151401,-0.007151401,-0.007151401
19/12/2016 0:00,82.8,82.545,82.372,-0.009615459,-0.009615459,-0.009615459
20/12/2016 0:00,83.7,82.64,82.428,0.010810916,0.010810916,0.010810916
21/12/2016 0:00,83.3,82.765,82.48,-0.004790428,-0.004790428,-0.004790428
22/12/2016 0:00,82.8,82.83,82.514,-0.006020488,-0.006020488,-0.006020488
23/12/2016 0:00,82.7,82.915,82.534,-0.001208459,-0.001208459,-0.001208459
26/12/2016 0:00,83.3,83.025,82.564,0.007228947,0.007228947,0.007228947
27/12/2016 0:00,83.5,83.125,82.592,0.002398083,0.002398083,0.002398083
28/12/2016 0:00,84,83.2,82.62,0.005970167,0.005970167,0.005970167
29/12/2016 0:00,83.6,83.3,82.652,-0.004773279,-0.004773279,-0.004773279
30/12/2016 0:00,84.2,83.36,82.654,0.007151401,0.007151401,0.007151401
